timestamp,symbol,event_type,side,price,detected_size,estimated_total_size,fill_count,confidence_score,duration_ms,session_id,cbdr_window,metadata,iceberg_subtype,additional_data
2025-11-14 03:39:31.198587-05:00,MNQZ5.CME@RITHMIC,STOP,BUY,24963.75,1,17,0,0.0,,MNQZ5.CME@RITHMIC_20251113_ASIAN,LONDON,,,"{'bid': True, 'size': 1, 'time': 1763109571198586800, 'type': 'STOP', 'isBid': True, 'price': 99855, 'orderId': '6868910831317', 'totalSize': 17, 'serialVersionUID': 1721611927160985286}"
2025-11-14 03:39:31.198581-05:00,MNQZ5.CME@RITHMIC,STOP,BUY,24963.75,1,16,0,0.0,,MNQZ5.CME@RITHMIC_20251113_ASIAN,LONDON,,,"{'bid': True, 'size': 1, 'time': 1763109571198581000, 'type': 'STOP', 'isBid': True, 'price': 99855, 'orderId': '6868910831317', 'totalSize': 16, 'serialVersionUID': 1721611927160985286}"
2025-11-14 03:39:31.198557-05:00,MNQZ5.CME@RITHMIC,STOP,BUY,24963.75,1,15,0,0.0,,MNQZ5.CME@RITHMIC_20251113_ASIAN,LONDON,,,"{'bid': True, 'size': 1, 'time': 1763109571198556600, 'type': 'STOP', 'isBid': True, 'price': 99855, 'orderId': '6868910825058', 'totalSize': 15, 'serialVersionUID': 1721611927160985286}"
2025-11-14 03:39:31.198550-05:00,MNQZ5.CME@RITHMIC,STOP,BUY,24963.75,1,14,0,0.0,,MNQZ5.CME@RITHMIC_20251113_ASIAN,LONDON,,,"{'bid': True, 'size': 1, 'time': 1763109571198550000, 'type': 'STOP', 'isBid': True, 'price': 99855, 'orderId': '6868910862348', 'totalSize': 14, 'serialVersionUID': 1721611927160985286}"
2025-11-14 03:39:31.198534-05:00,MNQZ5.CME@RITHMIC,STOP,BUY,24963.5,3,13,0,0.0,,MNQZ5.CME@RITHMIC_20251113_ASIAN,LONDON,,,"{'bid': True, 'size': 3, 'time': 1763109571198534400, 'type': 'STOP', 'isBid': True, 'price': 99854, 'orderId': '6868910862348', 'totalSize': 13, 'serialVersionUID': 1721611927160985286}"
2025-11-14 03:39:31.198527-05:00,MNQZ5.CME@RITHMIC,STOP,BUY,24963.5,1,10,0,0.0,,MNQZ5.CME@RITHMIC_20251113_ASIAN,LONDON,,,"{'bid': True, 'size': 1, 'time': 1763109571198527000, 'type': 'STOP', 'isBid': True, 'price': 99854, 'orderId': '6868910876572', 'totalSize': 10, 'serialVersionUID': 1721611927160985286}"
2025-11-14 03:39:31.197987-05:00,MNQZ5.CME@RITHMIC,STOP,BUY,24963.5,1,9,0,0.0,,MNQZ5.CME@RITHMIC_20251113_ASIAN,LONDON,,,"{'bid': True, 'size': 1, 'time': 1763109571197987200, 'type': 'STOP', 'isBid': True, 'price': 99854, 'orderId': '6868910876572', 'totalSize': 9, 'serialVersionUID': 1721611927160985286}"
2025-11-14 03:39:31.197981-05:00,MNQZ5.CME@RITHMIC,STOP,BUY,24963.5,1,8,0,0.0,,MNQZ5.CME@RITHMIC_20251113_ASIAN,LONDON,,,"{'bid': True, 'size': 1, 'time': 1763109571197981400, 'type': 'STOP', 'isBid': True, 'price': 99854, 'orderId': '6868910876572', 'totalSize': 8, 'serialVersionUID': 1721611927160985286}"
2025-11-14 03:39:31.197972-05:00,MNQZ5.CME@RITHMIC,STOP,BUY,24963.5,3,7,0,0.0,,MNQZ5.CME@RITHMIC_20251113_ASIAN,LONDON,,,"{'bid': True, 'size': 3, 'time': 1763109571197972500, 'type': 'STOP', 'isBid': True, 'price': 99854, 'orderId': '6868910876572', 'totalSize': 7, 'serialVersionUID': 1721611927160985286}"
2025-11-14 03:39:31.197967-05:00,MNQZ5.CME@RITHMIC,STOP,BUY,24963.5,1,4,0,0.0,,MNQZ5.CME@RITHMIC_20251113_ASIAN,LONDON,,,"{'bid': True, 'size': 1, 'time': 1763109571197967000, 'type': 'STOP', 'isBid': True, 'price': 99854, 'orderId': '6868910876572', 'totalSize': 4, 'serialVersionUID': 1721611927160985286}"
2025-11-14 03:39:31.197956-05:00,MNQZ5.CME@RITHMIC,STOP,BUY,24963.25,1,3,0,0.0,,MNQZ5.CME@RITHMIC_20251113_ASIAN,LONDON,,,"{'bid': True, 'size': 1, 'time': 1763109571197956600, 'type': 'STOP', 'isBid': True, 'price': 99853, 'orderId': '6868910876572', 'totalSize': 3, 'serialVersionUID': 1721611927160985286}"
2025-11-14 03:39:31.197952-05:00,MNQZ5.CME@RITHMIC,STOP,BUY,24963.25,1,2,0,0.0,,MNQZ5.CME@RITHMIC_20251113_ASIAN,LONDON,,,"{'bid': True, 'size': 1, 'time': 1763109571197951400, 'type': 'STOP', 'isBid': True, 'price': 99853, 'orderId': '6868910876572', 'totalSize': 2, 'serialVersionUID': 1721611927160985286}"
2025-11-14 03:39:31.197943-05:00,MNQZ5.CME@RITHMIC,STOP,BUY,24963.25,1,1,0,0.0,,MNQZ5.CME@RITHMIC_20251113_ASIAN,LONDON,,,"{'bid': True, 'size': 1, 'time': 1763109571197942900, 'type': 'STOP', 'isBid': True, 'price': 99853, 'orderId': '6868910876572', 'totalSize': 1, 'serialVersionUID': 1721611927160985286}"
2025-11-14 03:38:15.271094-05:00,MNQZ5.CME@RITHMIC,STOP,BUY,24956.5,1,1,0,0.0,,MNQZ5.CME@RITHMIC_20251113_ASIAN,LONDON,,,"{'bid': True, 'size': 1, 'time': 1763109495271093800, 'type': 'STOP', 'isBid': True, 'price': 99826, 'orderId': '6868910832047', 'totalSize': 1, 'serialVersionUID': 1721611927160985286}"
2025-11-14 03:37:57.676436-05:00,MNQZ5.CME@RITHMIC,STOP,SELL,24955.75,1,3,0,0.0,,MNQZ5.CME@RITHMIC_20251113_ASIAN,LONDON,,,"{'bid': False, 'size': 1, 'time': 1763109477676436100, 'type': 'STOP', 'isBid': False, 'price': 99823, 'orderId': '6868910751098', 'totalSize': 3, 'serialVersionUID': 1721611927160985286}"
2025-11-14 03:37:57.676409-05:00,MNQZ5.CME@RITHMIC,STOP,SELL,24955.75,1,2,0,0.0,,MNQZ5.CME@RITHMIC_20251113_ASIAN,LONDON,,,"{'bid': False, 'size': 1, 'time': 1763109477676408800, 'type': 'STOP', 'isBid': False, 'price': 99823, 'orderId': '6868910795587', 'totalSize': 2, 'serialVersionUID': 1721611927160985286}"
2025-11-14 03:37:57.676402-05:00,MNQZ5.CME@RITHMIC,STOP,SELL,24956.0,1,1,0,0.0,,MNQZ5.CME@RITHMIC_20251113_ASIAN,LONDON,,,"{'bid': False, 'size': 1, 'time': 1763109477676402200, 'type': 'STOP', 'isBid': False, 'price': 99824, 'orderId': '6868910795578', 'totalSize': 1, 'serialVersionUID': 1721611927160985286}"
2025-11-14 03:37:56.609966-05:00,MNQZ5.CME@RITHMIC,STOP,SELL,24956.5,1,1,0,0.0,,MNQZ5.CME@RITHMIC_20251113_ASIAN,LONDON,,,"{'bid': False, 'size': 1, 'time': 1763109476609966300, 'type': 'STOP', 'isBid': False, 'price': 99826, 'orderId': '6868910799103', 'totalSize': 1, 'serialVersionUID': 1721611927160985286}"
2025-11-14 03:37:56.605387-05:00,MNQZ5.CME@RITHMIC,STOP,SELL,24957.0,1,2,0,0.0,,MNQZ5.CME@RITHMIC_20251113_ASIAN,LONDON,,,"{'bid': False, 'size': 1, 'time': 1763109476605387000, 'type': 'STOP', 'isBid': False, 'price': 99828, 'orderId': '6868910834796', 'totalSize': 2, 'serialVersionUID': 1721611927160985286}"
2025-11-14 03:37:56.605375-05:00,MNQZ5.CME@RITHMIC,STOP,SELL,24957.0,1,1,0,0.0,,MNQZ5.CME@RITHMIC_20251113_ASIAN,LONDON,,,"{'bid': False, 'size': 1, 'time': 1763109476605374900, 'type': 'STOP', 'isBid': False, 'price': 99828, 'orderId': '6868910834796', 'totalSize': 1, 'serialVersionUID': 1721611927160985286}"
2025-11-14 03:37:22.905821-05:00,MNQZ5.CME@RITHMIC,STOP,SELL,24965.0,1,2,0,0.0,,MNQZ5.CME@RITHMIC_20251113_ASIAN,LONDON,,,"{'bid': False, 'size': 1, 'time': 1763109442905820600, 'type': 'STOP', 'isBid': False, 'price': 99860, 'orderId': '6868910827507', 'totalSize': 2, 'serialVersionUID': 1721611927160985286}"
2025-11-14 03:37:22.905810-05:00,MNQZ5.CME@RITHMIC,STOP,SELL,24965.0,1,1,0,0.0,,MNQZ5.CME@RITHMIC_20251113_ASIAN,LONDON,,,"{'bid': False, 'size': 1, 'time': 1763109442905810300, 'type': 'STOP', 'isBid': False, 'price': 99860, 'orderId': '6868910827507', 'totalSize': 1, 'serialVersionUID': 1721611927160985286}"
2025-11-14 03:37:05.469149-05:00,MNQZ5.CME@RITHMIC,STOP,SELL,24966.75,1,1,0,0.0,,MNQZ5.CME@RITHMIC_20251113_ASIAN,LONDON,,,"{'bid': False, 'size': 1, 'time': 1763109425469148700, 'type': 'STOP', 'isBid': False, 'price': 99867, 'orderId': '6868910820303', 'totalSize': 1, 'serialVersionUID': 1721611927160985286}"
2025-11-14 03:29:38.410582-05:00,MNQZ5.CME@RITHMIC,STOP,SELL,24945.25,1,2,0,0.0,,MNQZ5.CME@RITHMIC_20251113_ASIAN,LONDON,,,"{'bid': False, 'size': 1, 'time': 1763108978410581700, 'type': 'STOP', 'isBid': False, 'price': 99781, 'orderId': '6868910599193', 'totalSize': 2, 'serialVersionUID': 1721611927160985286}"
2025-11-14 03:29:38.410573-05:00,MNQZ5.CME@RITHMIC,STOP,SELL,24945.25,1,1,0,0.0,,MNQZ5.CME@RITHMIC_20251113_ASIAN,LONDON,,,"{'bid': False, 'size': 1, 'time': 1763108978410572700, 'type': 'STOP', 'isBid': False, 'price': 99781, 'orderId': '6868910599193', 'totalSize': 1, 'serialVersionUID': 1721611927160985286}"
2025-11-14 03:22:31.683121-05:00,MNQZ5.CME@RITHMIC,STOP,BUY,24943.0,1,4,0,0.0,,MNQZ5.CME@RITHMIC_20251113_ASIAN,LONDON,,,"{'bid': True, 'size': 1, 'time': 1763108551683121200, 'type': 'STOP', 'isBid': True, 'price': 99772, 'orderId': '6868910297266', 'totalSize': 4, 'serialVersionUID': 1721611927160985286}"
2025-11-14 03:22:31.683110-05:00,MNQZ5.CME@RITHMIC,STOP,BUY,24942.75,1,3,0,0.0,,MNQZ5.CME@RITHMIC_20251113_ASIAN,LONDON,,,"{'bid': True, 'size': 1, 'time': 1763108551683109700, 'type': 'STOP', 'isBid': True, 'price': 99771, 'orderId': '6868910297266', 'totalSize': 3, 'serialVersionUID': 1721611927160985286}"
2025-11-14 03:22:31.683106-05:00,MNQZ5.CME@RITHMIC,STOP,BUY,24942.75,1,2,0,0.0,,MNQZ5.CME@RITHMIC_20251113_ASIAN,LONDON,,,"{'bid': True, 'size': 1, 'time': 1763108551683105900, 'type': 'STOP', 'isBid': True, 'price': 99771, 'orderId': '6868910297266', 'totalSize': 2, 'serialVersionUID': 1721611927160985286}"
2025-11-14 03:22:31.683088-05:00,MNQZ5.CME@RITHMIC,STOP,BUY,24942.75,1,1,0,0.0,,MNQZ5.CME@RITHMIC_20251113_ASIAN,LONDON,,,"{'bid': True, 'size': 1, 'time': 1763108551683087700, 'type': 'STOP', 'isBid': True, 'price': 99771, 'orderId': '6868910297266', 'totalSize': 1, 'serialVersionUID': 1721611927160985286}"
2025-11-14 03:08:29.776160-05:00,MNQZ5.CME@RITHMIC,STOP,SELL,24974.5,1,2,0,0.0,,MNQZ5.CME@RITHMIC_20251113_ASIAN,LONDON,,,"{'bid': False, 'size': 1, 'time': 1763107709776160000, 'type': 'STOP', 'isBid': False, 'price': 99898, 'orderId': '6868909930971', 'totalSize': 2, 'serialVersionUID': 1721611927160985286}"
2025-11-14 03:08:29.776141-05:00,MNQZ5.CME@RITHMIC,STOP,SELL,24974.5,1,1,0,0.0,,MNQZ5.CME@RITHMIC_20251113_ASIAN,LONDON,,,"{'bid': False, 'size': 1, 'time': 1763107709776140900, 'type': 'STOP', 'isBid': False, 'price': 99898, 'orderId': '6868909930971', 'totalSize': 1, 'serialVersionUID': 1721611927160985286}"
2025-11-14 03:07:52.726095-05:00,MNQZ5.CME@RITHMIC,STOP,SELL,24972.75,1,2,0,0.0,,MNQZ5.CME@RITHMIC_20251113_ASIAN,LONDON,,,"{'bid': False, 'size': 1, 'time': 1763107672726094800, 'type': 'STOP', 'isBid': False, 'price': 99891, 'orderId': '6868909912335', 'totalSize': 2, 'serialVersionUID': 1721611927160985286}"
2025-11-14 03:07:52.726085-05:00,MNQZ5.CME@RITHMIC,STOP,SELL,24972.75,1,1,0,0.0,,MNQZ5.CME@RITHMIC_20251113_ASIAN,LONDON,,,"{'bid': False, 'size': 1, 'time': 1763107672726085000, 'type': 'STOP', 'isBid': False, 'price': 99891, 'orderId': '6868909912335', 'totalSize': 1, 'serialVersionUID': 1721611927160985286}"
2025-11-14 02:58:41.249558-05:00,MNQZ5.CME@RITHMIC,STOP,BUY,24994.25,1,1,0,0.0,,MNQZ5.CME@RITHMIC_20251113_ASIAN,LONDON,,,"{'bid': True, 'size': 1, 'time': 1763107121249558300, 'type': 'STOP', 'isBid': True, 'price': 99977, 'orderId': '6868909543357', 'totalSize': 1, 'serialVersionUID': 1721611927160985286}"
2025-11-14 02:58:40.806442-05:00,MNQZ5.CME@RITHMIC,STOP,SELL,24990.0,1,2,0,0.0,,MNQZ5.CME@RITHMIC_20251113_ASIAN,LONDON,,,"{'bid': False, 'size': 1, 'time': 1763107120806442100, 'type': 'STOP', 'isBid': False, 'price': 99960, 'orderId': '6868908727688', 'totalSize': 2, 'serialVersionUID': 1721611927160985286}"
2025-11-14 02:58:40.806419-05:00,MNQZ5.CME@RITHMIC,STOP,SELL,24990.0,1,1,0,0.0,,MNQZ5.CME@RITHMIC_20251113_ASIAN,LONDON,,,"{'bid': False, 'size': 1, 'time': 1763107120806418600, 'type': 'STOP', 'isBid': False, 'price': 99960, 'orderId': '6868909564378', 'totalSize': 1, 'serialVersionUID': 1721611927160985286}"
2025-11-14 02:58:17.454018-05:00,MNQZ5.CME@RITHMIC,STOP,SELL,24992.0,1,3,0,0.0,,MNQZ5.CME@RITHMIC_20251113_ASIAN,LONDON,,,"{'bid': False, 'size': 1, 'time': 1763107097454017500, 'type': 'STOP', 'isBid': False, 'price': 99968, 'orderId': '6868909581440', 'totalSize': 3, 'serialVersionUID': 1721611927160985286}"
2025-11-14 02:58:17.453932-05:00,MNQZ5.CME@RITHMIC,STOP,SELL,24992.0,1,2,0,0.0,,MNQZ5.CME@RITHMIC_20251113_ASIAN,LONDON,,,"{'bid': False, 'size': 1, 'time': 1763107097453931800, 'type': 'STOP', 'isBid': False, 'price': 99968, 'orderId': '6868909581440', 'totalSize': 2, 'serialVersionUID': 1721611927160985286}"
2025-11-14 02:58:17.453924-05:00,MNQZ5.CME@RITHMIC,STOP,SELL,24992.0,1,1,0,0.0,,MNQZ5.CME@RITHMIC_20251113_ASIAN,LONDON,,,"{'bid': False, 'size': 1, 'time': 1763107097453924100, 'type': 'STOP', 'isBid': False, 'price': 99968, 'orderId': '6868909522886', 'totalSize': 1, 'serialVersionUID': 1721611927160985286}"
2025-11-14 02:57:58.261174-05:00,MNQZ5.CME@RITHMIC,STOP,SELL,24993.0,1,2,0,0.0,,MNQZ5.CME@RITHMIC_20251113_ASIAN,LONDON,,,"{'bid': False, 'size': 1, 'time': 1763107078261174300, 'type': 'STOP', 'isBid': False, 'price': 99972, 'orderId': '6868909533639', 'totalSize': 2, 'serialVersionUID': 1721611927160985286}"
2025-11-14 02:57:58.261168-05:00,MNQZ5.CME@RITHMIC,STOP,SELL,24993.0,1,1,0,0.0,,MNQZ5.CME@RITHMIC_20251113_ASIAN,LONDON,,,"{'bid': False, 'size': 1, 'time': 1763107078261167700, 'type': 'STOP', 'isBid': False, 'price': 99972, 'orderId': '6868909548763', 'totalSize': 1, 'serialVersionUID': 1721611927160985286}"
2025-11-14 02:57:31.505744-05:00,MNQZ5.CME@RITHMIC,STOP,SELL,24996.75,1,2,0,0.0,,MNQZ5.CME@RITHMIC_20251113_ASIAN,LONDON,,,"{'bid': False, 'size': 1, 'time': 1763107051505744200, 'type': 'STOP', 'isBid': False, 'price': 99987, 'orderId': '6868909493476', 'totalSize': 2, 'serialVersionUID': 1721611927160985286}"
2025-11-14 02:57:31.505725-05:00,MNQZ5.CME@RITHMIC,STOP,SELL,24996.75,1,1,0,0.0,,MNQZ5.CME@RITHMIC_20251113_ASIAN,LONDON,,,"{'bid': False, 'size': 1, 'time': 1763107051505724700, 'type': 'STOP', 'isBid': False, 'price': 99987, 'orderId': '6868909553359', 'totalSize': 1, 'serialVersionUID': 1721611927160985286}"
2025-11-14 02:57:31.415618-05:00,MNQZ5.CME@RITHMIC,STOP,SELL,24998.0,1,3,0,0.0,,MNQZ5.CME@RITHMIC_20251113_ASIAN,LONDON,,,"{'bid': False, 'size': 1, 'time': 1763107051415618100, 'type': 'STOP', 'isBid': False, 'price': 99992, 'orderId': '6868909567254', 'totalSize': 3, 'serialVersionUID': 1721611927160985286}"
2025-11-14 02:57:31.415611-05:00,MNQZ5.CME@RITHMIC,STOP,SELL,24998.25,1,2,0,0.0,,MNQZ5.CME@RITHMIC_20251113_ASIAN,LONDON,,,"{'bid': False, 'size': 1, 'time': 1763107051415610900, 'type': 'STOP', 'isBid': False, 'price': 99993, 'orderId': '6868909553279', 'totalSize': 2, 'serialVersionUID': 1721611927160985286}"
2025-11-14 02:57:31.415579-05:00,MNQZ5.CME@RITHMIC,STOP,SELL,24998.25,1,1,0,0.0,,MNQZ5.CME@RITHMIC_20251113_ASIAN,LONDON,,,"{'bid': False, 'size': 1, 'time': 1763107051415579500, 'type': 'STOP', 'isBid': False, 'price': 99993, 'orderId': '6868909553263', 'totalSize': 1, 'serialVersionUID': 1721611927160985286}"
2025-11-14 02:57:30.444547-05:00,MNQZ5.CME@RITHMIC,STOP,SELL,24998.75,1,5,0,0.0,,MNQZ5.CME@RITHMIC_20251113_ASIAN,LONDON,,,"{'bid': False, 'size': 1, 'time': 1763107050444547200, 'type': 'STOP', 'isBid': False, 'price': 99995, 'orderId': '6868909551015', 'totalSize': 5, 'serialVersionUID': 1721611927160985286}"
2025-11-14 02:57:30.444541-05:00,MNQZ5.CME@RITHMIC,STOP,SELL,24998.75,1,4,0,0.0,,MNQZ5.CME@RITHMIC_20251113_ASIAN,LONDON,,,"{'bid': False, 'size': 1, 'time': 1763107050444541300, 'type': 'STOP', 'isBid': False, 'price': 99995, 'orderId': '6868909551015', 'totalSize': 4, 'serialVersionUID': 1721611927160985286}"
2025-11-14 02:57:30.444532-05:00,MNQZ5.CME@RITHMIC,STOP,SELL,24998.75,1,3,0,0.0,,MNQZ5.CME@RITHMIC_20251113_ASIAN,LONDON,,,"{'bid': False, 'size': 1, 'time': 1763107050444531800, 'type': 'STOP', 'isBid': False, 'price': 99995, 'orderId': '6868909551015', 'totalSize': 3, 'serialVersionUID': 1721611927160985286}"
2025-11-14 02:57:30.444527-05:00,MNQZ5.CME@RITHMIC,STOP,SELL,24999.0,1,2,0,0.0,,MNQZ5.CME@RITHMIC_20251113_ASIAN,LONDON,,,"{'bid': False, 'size': 1, 'time': 1763107050444527400, 'type': 'STOP', 'isBid': False, 'price': 99996, 'orderId': '6868909551015', 'totalSize': 2, 'serialVersionUID': 1721611927160985286}"
2025-11-14 02:57:30.444509-05:00,MNQZ5.CME@RITHMIC,STOP,SELL,24999.0,1,1,0,0.0,,MNQZ5.CME@RITHMIC_20251113_ASIAN,LONDON,,,"{'bid': False, 'size': 1, 'time': 1763107050444508700, 'type': 'STOP', 'isBid': False, 'price': 99996, 'orderId': '6868909551015', 'totalSize': 1, 'serialVersionUID': 1721611927160985286}"
2025-11-14 02:56:47.476026-05:00,MNQZ5.CME@RITHMIC,STOP,SELL,25004.5,1,4,0,0.0,,MNQZ5.CME@RITHMIC_20251113_ASIAN,LONDON,,,"{'bid': False, 'size': 1, 'time': 1763107007476026200, 'type': 'STOP', 'isBid': False, 'price': 100018, 'orderId': '6868909556812', 'totalSize': 4, 'serialVersionUID': 1721611927160985286}"
2025-11-14 02:56:47.475997-05:00,MNQZ5.CME@RITHMIC,STOP,SELL,25004.5,1,3,0,0.0,,MNQZ5.CME@RITHMIC_20251113_ASIAN,LONDON,,,"{'bid': False, 'size': 1, 'time': 1763107007475997200, 'type': 'STOP', 'isBid': False, 'price': 100018, 'orderId': '6868909556812', 'totalSize': 3, 'serialVersionUID': 1721611927160985286}"
2025-11-14 02:56:47.475991-05:00,MNQZ5.CME@RITHMIC,STOP,SELL,25004.5,1,2,0,0.0,,MNQZ5.CME@RITHMIC_20251113_ASIAN,LONDON,,,"{'bid': False, 'size': 1, 'time': 1763107007475990800, 'type': 'STOP', 'isBid': False, 'price': 100018, 'orderId': '6868909556812', 'totalSize': 2, 'serialVersionUID': 1721611927160985286}"
2025-11-14 02:56:47.474044-05:00,MNQZ5.CME@RITHMIC,STOP,SELL,25004.5,1,1,0,0.0,,MNQZ5.CME@RITHMIC_20251113_ASIAN,LONDON,,,"{'bid': False, 'size': 1, 'time': 1763107007474044300, 'type': 'STOP', 'isBid': False, 'price': 100018, 'orderId': '6868909556812', 'totalSize': 1, 'serialVersionUID': 1721611927160985286}"
2025-11-14 02:54:37.862310-05:00,MNQZ5.CME@RITHMIC,STOP,BUY,24995.25,1,1,0,0.0,,MNQZ5.CME@RITHMIC_20251113_ASIAN,LONDON,,,"{'bid': True, 'size': 1, 'time': 1763106877862309300, 'type': 'STOP', 'isBid': True, 'price': 99981, 'orderId': '6868909513028', 'totalSize': 1, 'serialVersionUID': 1721611927160985286}"
2025-11-14 02:48:10.110863-05:00,MNQZ5.CME@RITHMIC,STOP,SELL,24985.25,1,1,0,0.0,,MNQZ5.CME@RITHMIC_20251113_ASIAN,LONDON,,,"{'bid': False, 'size': 1, 'time': 1763106490110863200, 'type': 'STOP', 'isBid': False, 'price': 99941, 'orderId': '6868909338608', 'totalSize': 1, 'serialVersionUID': 1721611927160985286}"
2025-11-14 02:47:23.888248-05:00,MNQZ5.CME@RITHMIC,STOP,SELL,24992.25,1,1,0,0.0,,MNQZ5.CME@RITHMIC_20251113_ASIAN,LONDON,,,"{'bid': False, 'size': 1, 'time': 1763106443888248100, 'type': 'STOP', 'isBid': False, 'price': 99969, 'orderId': '6868909336601', 'totalSize': 1, 'serialVersionUID': 1721611927160985286}"
2025-11-14 02:46:08.215802-05:00,MNQZ5.CME@RITHMIC,STOP,BUY,24993.5,1,9,0,0.0,,MNQZ5.CME@RITHMIC_20251113_ASIAN,LONDON,,,"{'bid': True, 'size': 1, 'time': 1763106368215801900, 'type': 'STOP', 'isBid': True, 'price': 99974, 'orderId': '6868909330464', 'totalSize': 9, 'serialVersionUID': 1721611927160985286}"
2025-11-14 02:46:08.215796-05:00,MNQZ5.CME@RITHMIC,STOP,BUY,24993.25,1,8,0,0.0,,MNQZ5.CME@RITHMIC_20251113_ASIAN,LONDON,,,"{'bid': True, 'size': 1, 'time': 1763106368215795700, 'type': 'STOP', 'isBid': True, 'price': 99973, 'orderId': '6868909323703', 'totalSize': 8, 'serialVersionUID': 1721611927160985286}"
2025-11-14 02:46:08.215786-05:00,MNQZ5.CME@RITHMIC,STOP,BUY,24993.25,1,7,0,0.0,,MNQZ5.CME@RITHMIC_20251113_ASIAN,LONDON,,,"{'bid': True, 'size': 1, 'time': 1763106368215785900, 'type': 'STOP', 'isBid': True, 'price': 99973, 'orderId': '6868909323703', 'totalSize': 7, 'serialVersionUID': 1721611927160985286}"
2025-11-14 02:46:08.215780-05:00,MNQZ5.CME@RITHMIC,STOP,BUY,24993.25,1,6,0,0.0,,MNQZ5.CME@RITHMIC_20251113_ASIAN,LONDON,,,"{'bid': True, 'size': 1, 'time': 1763106368215780100, 'type': 'STOP', 'isBid': True, 'price': 99973, 'orderId': '6868909323703', 'totalSize': 6, 'serialVersionUID': 1721611927160985286}"
2025-11-14 02:46:08.215769-05:00,MNQZ5.CME@RITHMIC,STOP,BUY,24993.25,1,5,0,0.0,,MNQZ5.CME@RITHMIC_20251113_ASIAN,LONDON,,,"{'bid': True, 'size': 1, 'time': 1763106368215768700, 'type': 'STOP', 'isBid': True, 'price': 99973, 'orderId': '6868909318905', 'totalSize': 5, 'serialVersionUID': 1721611927160985286}"
2025-11-14 02:46:08.215763-05:00,MNQZ5.CME@RITHMIC,STOP,BUY,24993.0,1,4,0,0.0,,MNQZ5.CME@RITHMIC_20251113_ASIAN,LONDON,,,"{'bid': True, 'size': 1, 'time': 1763106368215762700, 'type': 'STOP', 'isBid': True, 'price': 99972, 'orderId': '6868909318905', 'totalSize': 4, 'serialVersionUID': 1721611927160985286}"
2025-11-14 02:46:08.215748-05:00,MNQZ5.CME@RITHMIC,STOP,BUY,24993.0,1,3,0,0.0,,MNQZ5.CME@RITHMIC_20251113_ASIAN,LONDON,,,"{'bid': True, 'size': 1, 'time': 1763106368215748500, 'type': 'STOP', 'isBid': True, 'price': 99972, 'orderId': '6868909318905', 'totalSize': 3, 'serialVersionUID': 1721611927160985286}"
2025-11-14 02:46:08.215741-05:00,MNQZ5.CME@RITHMIC,STOP,BUY,24993.0,1,2,0,0.0,,MNQZ5.CME@RITHMIC_20251113_ASIAN,LONDON,,,"{'bid': True, 'size': 1, 'time': 1763106368215740800, 'type': 'STOP', 'isBid': True, 'price': 99972, 'orderId': '6868909318905', 'totalSize': 2, 'serialVersionUID': 1721611927160985286}"
2025-11-14 02:46:08.215479-05:00,MNQZ5.CME@RITHMIC,STOP,BUY,24993.0,1,1,0,0.0,,MNQZ5.CME@RITHMIC_20251113_ASIAN,LONDON,,,"{'bid': True, 'size': 1, 'time': 1763106368215479400, 'type': 'STOP', 'isBid': True, 'price': 99972, 'orderId': '6868909318905', 'totalSize': 1, 'serialVersionUID': 1721611927160985286}"
2025-11-14 02:46:06.828363-05:00,MNQZ5.CME@RITHMIC,STOP,SELL,24989.5,1,2,0,0.0,,MNQZ5.CME@RITHMIC_20251113_ASIAN,LONDON,,,"{'bid': False, 'size': 1, 'time': 1763106366828363200, 'type': 'STOP', 'isBid': False, 'price': 99958, 'orderId': '6868909334498', 'totalSize': 2, 'serialVersionUID': 1721611927160985286}"
2025-11-14 02:46:06.828353-05:00,MNQZ5.CME@RITHMIC,STOP,SELL,24989.5,1,1,0,0.0,,MNQZ5.CME@RITHMIC_20251113_ASIAN,LONDON,,,"{'bid': False, 'size': 1, 'time': 1763106366828353200, 'type': 'STOP', 'isBid': False, 'price': 99958, 'orderId': '6868909334498', 'totalSize': 1, 'serialVersionUID': 1721611927160985286}"
2025-11-14 02:42:46.425508-05:00,MNQZ5.CME@RITHMIC,STOP,SELL,24987.0,1,1,0,0.0,,MNQZ5.CME@RITHMIC_20251113_ASIAN,LONDON,,,"{'bid': False, 'size': 1, 'time': 1763106166425508400, 'type': 'STOP', 'isBid': False, 'price': 99948, 'orderId': '6868909276610', 'totalSize': 1, 'serialVersionUID': 1721611927160985286}"
2025-11-14 02:27:35.796524-05:00,MNQZ5.CME@RITHMIC,STOP,SELL,24950.25,1,1,0,0.0,,MNQZ5.CME@RITHMIC_20251113_ASIAN,LONDON,,,"{'bid': False, 'size': 1, 'time': 1763105255796523700, 'type': 'STOP', 'isBid': False, 'price': 99801, 'orderId': '6868908944447', 'totalSize': 1, 'serialVersionUID': 1721611927160985286}"
2025-11-14 02:04:26.592333-05:00,MNQZ5.CME@RITHMIC,STOP,SELL,25041.75,1,2,0,0.0,,MNQZ5.CME@RITHMIC_20251113_ASIAN,LONDON,,,"{'bid': False, 'size': 1, 'time': 1763103866592333000, 'type': 'STOP', 'isBid': False, 'price': 100167, 'orderId': '6868908168460', 'totalSize': 2, 'serialVersionUID': 1721611927160985286}"
2025-11-14 02:04:26.592309-05:00,MNQZ5.CME@RITHMIC,STOP,SELL,25041.75,1,1,0,0.0,,MNQZ5.CME@RITHMIC_20251113_ASIAN,LONDON,,,"{'bid': False, 'size': 1, 'time': 1763103866592308800, 'type': 'STOP', 'isBid': False, 'price': 100167, 'orderId': '6868908168460', 'totalSize': 1, 'serialVersionUID': 1721611927160985286}"
2025-11-14 02:03:26.628210-05:00,MNQZ5.CME@RITHMIC,STOP,SELL,25040.75,1,1,0,0.0,,MNQZ5.CME@RITHMIC_20251113_ASIAN,LONDON,,,"{'bid': False, 'size': 1, 'time': 1763103806628209700, 'type': 'STOP', 'isBid': False, 'price': 100163, 'orderId': '6868908146441', 'totalSize': 1, 'serialVersionUID': 1721611927160985286}"
2025-11-14 02:03:22.565796-05:00,MNQZ5.CME@RITHMIC,STOP,BUY,25042.75,1,2,0,0.0,,MNQZ5.CME@RITHMIC_20251113_ASIAN,LONDON,,,"{'bid': True, 'size': 1, 'time': 1763103802565796400, 'type': 'STOP', 'isBid': True, 'price': 100171, 'orderId': '6868908147258', 'totalSize': 2, 'serialVersionUID': 1721611927160985286}"
2025-11-14 02:03:22.565787-05:00,MNQZ5.CME@RITHMIC,STOP,BUY,25042.5,1,1,0,0.0,,MNQZ5.CME@RITHMIC_20251113_ASIAN,LONDON,,,"{'bid': True, 'size': 1, 'time': 1763103802565787100, 'type': 'STOP', 'isBid': True, 'price': 100170, 'orderId': '6868908147258', 'totalSize': 1, 'serialVersionUID': 1721611927160985286}"
2025-11-14 02:00:38.268403-05:00,MNQZ5.CME@RITHMIC,STOP,SELL,25056.0,1,1,0,0.0,,MNQZ5.CME@RITHMIC_20251113_ASIAN,LONDON,,,"{'bid': False, 'size': 1, 'time': 1763103638268403300, 'type': 'STOP', 'isBid': False, 'price': 100224, 'orderId': '6868908090515', 'totalSize': 1, 'serialVersionUID': 1721611927160985286}"
2025-11-14 02:00:24.697379-05:00,MNQZ5.CME@RITHMIC,STOP,SELL,25058.5,1,4,0,0.0,,MNQZ5.CME@RITHMIC_20251113_ASIAN,LONDON,,,"{'bid': False, 'size': 1, 'time': 1763103624697379099, 'type': 'STOP', 'isBid': False, 'price': 100234, 'orderId': '6868908020301', 'totalSize': 4, 'serialVersionUID': 1721611927160985286}"
2025-11-14 02:00:24.697376-05:00,MNQZ5.CME@RITHMIC,STOP,SELL,25058.5,2,3,0,0.0,,MNQZ5.CME@RITHMIC_20251113_ASIAN,LONDON,,,"{'bid': False, 'size': 2, 'time': 1763103624697375500, 'type': 'STOP', 'isBid': False, 'price': 100234, 'orderId': '6868908020301', 'totalSize': 3, 'serialVersionUID': 1721611927160985286}"
2025-11-14 02:00:24.697369-05:00,MNQZ5.CME@RITHMIC,STOP,SELL,25058.5,1,1,0,0.0,,MNQZ5.CME@RITHMIC_20251113_ASIAN,LONDON,,,"{'bid': False, 'size': 1, 'time': 1763103624697369199, 'type': 'STOP', 'isBid': False, 'price': 100234, 'orderId': '6868908020301', 'totalSize': 1, 'serialVersionUID': 1721611927160985286}"
2025-11-14 01:59:50.508524-05:00,MNQZ5.CME@RITHMIC,STOP,SELL,25067.25,1,1,0,0.0,,MNQZ5.CME@RITHMIC_20251113_ASIAN,OUTSIDE_CBDR,,,"{'bid': False, 'size': 1, 'time': 1763103590508524400, 'type': 'STOP', 'isBid': False, 'price': 100269, 'orderId': '6868908005829', 'totalSize': 1, 'serialVersionUID': 1721611927160985286}"
2025-11-14 01:59:50.117815-05:00,MNQZ5.CME@RITHMIC,STOP,BUY,25072.25,1,11,0,0.0,,MNQZ5.CME@RITHMIC_20251113_ASIAN,OUTSIDE_CBDR,,,"{'bid': True, 'size': 1, 'time': 1763103590117814999, 'type': 'STOP', 'isBid': True, 'price': 100289, 'orderId': '6868907928500', 'totalSize': 11, 'serialVersionUID': 1721611927160985286}"
2025-11-14 01:59:50.117804-05:00,MNQZ5.CME@RITHMIC,STOP,BUY,25072.25,1,10,0,0.0,,MNQZ5.CME@RITHMIC_20251113_ASIAN,OUTSIDE_CBDR,,,"{'bid': True, 'size': 1, 'time': 1763103590117804500, 'type': 'STOP', 'isBid': True, 'price': 100289, 'orderId': '6868907605453', 'totalSize': 10, 'serialVersionUID': 1721611927160985286}"
2025-11-14 01:59:50.117798-05:00,MNQZ5.CME@RITHMIC,STOP,BUY,25072.25,1,9,0,0.0,,MNQZ5.CME@RITHMIC_20251113_ASIAN,OUTSIDE_CBDR,,,"{'bid': True, 'size': 1, 'time': 1763103590117798000, 'type': 'STOP', 'isBid': True, 'price': 100289, 'orderId': '6868907605453', 'totalSize': 9, 'serialVersionUID': 1721611927160985286}"
2025-11-14 01:59:50.117780-05:00,MNQZ5.CME@RITHMIC,STOP,BUY,25072.0,8,8,0,0.0,,MNQZ5.CME@RITHMIC_20251113_ASIAN,OUTSIDE_CBDR,,,"{'bid': True, 'size': 8, 'time': 1763103590117780200, 'type': 'STOP', 'isBid': True, 'price': 100288, 'orderId': '6868907605453', 'totalSize': 8, 'serialVersionUID': 1721611927160985286}"
2025-11-14 01:59:47.541361-05:00,MNQZ5.CME@RITHMIC,STOP,BUY,25071.5,1,3,0,0.0,,MNQZ5.CME@RITHMIC_20251113_ASIAN,OUTSIDE_CBDR,,,"{'bid': True, 'size': 1, 'time': 1763103587541360600, 'type': 'STOP', 'isBid': True, 'price': 100286, 'orderId': '6868908066749', 'totalSize': 3, 'serialVersionUID': 1721611927160985286}"
2025-11-14 01:59:47.541352-05:00,MNQZ5.CME@RITHMIC,STOP,BUY,25071.5,1,2,0,0.0,,MNQZ5.CME@RITHMIC_20251113_ASIAN,OUTSIDE_CBDR,,,"{'bid': True, 'size': 1, 'time': 1763103587541351700, 'type': 'STOP', 'isBid': True, 'price': 100286, 'orderId': '6868908066745', 'totalSize': 2, 'serialVersionUID': 1721611927160985286}"
2025-11-14 01:59:47.541244-05:00,MNQZ5.CME@RITHMIC,STOP,BUY,25071.5,1,1,0,0.0,,MNQZ5.CME@RITHMIC_20251113_ASIAN,OUTSIDE_CBDR,,,"{'bid': True, 'size': 1, 'time': 1763103587541244300, 'type': 'STOP', 'isBid': True, 'price': 100286, 'orderId': '6868908066738', 'totalSize': 1, 'serialVersionUID': 1721611927160985286}"
2025-11-14 01:59:26.182141-05:00,MNQZ5.CME@RITHMIC,STOP,BUY,25071.5,1,23,0,0.0,,MNQZ5.CME@RITHMIC_20251113_ASIAN,OUTSIDE_CBDR,,,"{'bid': True, 'size': 1, 'time': 1763103566182141000, 'type': 'STOP', 'isBid': True, 'price': 100286, 'orderId': '6868907784224', 'totalSize': 23, 'serialVersionUID': 1721611927160985286}"
2025-11-14 01:59:26.182126-05:00,MNQZ5.CME@RITHMIC,STOP,BUY,25071.5,2,22,0,0.0,,MNQZ5.CME@RITHMIC_20251113_ASIAN,OUTSIDE_CBDR,,,"{'bid': True, 'size': 2, 'time': 1763103566182126300, 'type': 'STOP', 'isBid': True, 'price': 100286, 'orderId': '6868907930710', 'totalSize': 22, 'serialVersionUID': 1721611927160985286}"
2025-11-14 01:59:26.182119-05:00,MNQZ5.CME@RITHMIC,STOP,BUY,25071.25,1,20,0,0.0,,MNQZ5.CME@RITHMIC_20251113_ASIAN,OUTSIDE_CBDR,,,"{'bid': True, 'size': 1, 'time': 1763103566182118899, 'type': 'STOP', 'isBid': True, 'price': 100285, 'orderId': '6868907930710', 'totalSize': 20, 'serialVersionUID': 1721611927160985286}"
2025-11-14 01:59:26.181230-05:00,MNQZ5.CME@RITHMIC,STOP,BUY,25071.25,3,19,0,0.0,,MNQZ5.CME@RITHMIC_20251113_ASIAN,OUTSIDE_CBDR,,,"{'bid': True, 'size': 3, 'time': 1763103566181229700, 'type': 'STOP', 'isBid': True, 'price': 100285, 'orderId': '6868908047959', 'totalSize': 19, 'serialVersionUID': 1721611927160985286}"
2025-11-14 01:59:26.181224-05:00,MNQZ5.CME@RITHMIC,STOP,BUY,25071.25,1,16,0,0.0,,MNQZ5.CME@RITHMIC_20251113_ASIAN,OUTSIDE_CBDR,,,"{'bid': True, 'size': 1, 'time': 1763103566181224100, 'type': 'STOP', 'isBid': True, 'price': 100285, 'orderId': '6868908065423', 'totalSize': 16, 'serialVersionUID': 1721611927160985286}"
2025-11-14 01:59:26.181215-05:00,MNQZ5.CME@RITHMIC,STOP,BUY,25071.25,2,15,0,0.0,,MNQZ5.CME@RITHMIC_20251113_ASIAN,OUTSIDE_CBDR,,,"{'bid': True, 'size': 2, 'time': 1763103566181214899, 'type': 'STOP', 'isBid': True, 'price': 100285, 'orderId': '6868908065423', 'totalSize': 15, 'serialVersionUID': 1721611927160985286}"
2025-11-14 01:59:26.181209-05:00,MNQZ5.CME@RITHMIC,STOP,BUY,25071.25,1,13,0,0.0,,MNQZ5.CME@RITHMIC_20251113_ASIAN,OUTSIDE_CBDR,,,"{'bid': True, 'size': 1, 'time': 1763103566181209299, 'type': 'STOP', 'isBid': True, 'price': 100285, 'orderId': '6868908065423', 'totalSize': 13, 'serialVersionUID': 1721611927160985286}"
2025-11-14 01:59:26.181199-05:00,MNQZ5.CME@RITHMIC,STOP,BUY,25071.25,1,12,0,0.0,,MNQZ5.CME@RITHMIC_20251113_ASIAN,OUTSIDE_CBDR,,,"{'bid': True, 'size': 1, 'time': 1763103566181199300, 'type': 'STOP', 'isBid': True, 'price': 100285, 'orderId': '6868908065423', 'totalSize': 12, 'serialVersionUID': 1721611927160985286}"
2025-11-14 01:59:26.181193-05:00,MNQZ5.CME@RITHMIC,STOP,BUY,25071.25,1,11,0,0.0,,MNQZ5.CME@RITHMIC_20251113_ASIAN,OUTSIDE_CBDR,,,"{'bid': True, 'size': 1, 'time': 1763103566181192800, 'type': 'STOP', 'isBid': True, 'price': 100285, 'orderId': '6868908065423', 'totalSize': 11, 'serialVersionUID': 1721611927160985286}"
2025-11-14 01:59:26.181181-05:00,MNQZ5.CME@RITHMIC,STOP,BUY,25071.25,1,10,0,0.0,,MNQZ5.CME@RITHMIC_20251113_ASIAN,OUTSIDE_CBDR,,,"{'bid': True, 'size': 1, 'time': 1763103566181181100, 'type': 'STOP', 'isBid': True, 'price': 100285, 'orderId': '6868908065423', 'totalSize': 10, 'serialVersionUID': 1721611927160985286}"
2025-11-14 01:59:26.181175-05:00,MNQZ5.CME@RITHMIC,STOP,BUY,25071.25,2,9,0,0.0,,MNQZ5.CME@RITHMIC_20251113_ASIAN,OUTSIDE_CBDR,,,"{'bid': True, 'size': 2, 'time': 1763103566181175100, 'type': 'STOP', 'isBid': True, 'price': 100285, 'orderId': '6868908065423', 'totalSize': 9, 'serialVersionUID': 1721611927160985286}"
2025-11-14 01:59:26.181150-05:00,MNQZ5.CME@RITHMIC,STOP,BUY,25071.0,1,7,0,0.0,,MNQZ5.CME@RITHMIC_20251113_ASIAN,OUTSIDE_CBDR,,,"{'bid': True, 'size': 1, 'time': 1763103566181149400, 'type': 'STOP', 'isBid': True, 'price': 100284, 'orderId': '6868908065423', 'totalSize': 7, 'serialVersionUID': 1721611927160985286}"
2025-11-14 01:59:26.181144-05:00,MNQZ5.CME@RITHMIC,STOP,BUY,25071.0,1,6,0,0.0,,MNQZ5.CME@RITHMIC_20251113_ASIAN,OUTSIDE_CBDR,,,"{'bid': True, 'size': 1, 'time': 1763103566181143800, 'type': 'STOP', 'isBid': True, 'price': 100284, 'orderId': '6868908065423', 'totalSize': 6, 'serialVersionUID': 1721611927160985286}"
2025-11-14 01:59:26.181127-05:00,MNQZ5.CME@RITHMIC,STOP,BUY,25071.0,1,5,0,0.0,,MNQZ5.CME@RITHMIC_20251113_ASIAN,OUTSIDE_CBDR,,,"{'bid': True, 'size': 1, 'time': 1763103566181127199, 'type': 'STOP', 'isBid': True, 'price': 100284, 'orderId': '6868908065423', 'totalSize': 5, 'serialVersionUID': 1721611927160985286}"
2025-11-14 01:59:26.181120-05:00,MNQZ5.CME@RITHMIC,STOP,BUY,25071.0,1,4,0,0.0,,MNQZ5.CME@RITHMIC_20251113_ASIAN,OUTSIDE_CBDR,,,"{'bid': True, 'size': 1, 'time': 1763103566181119599, 'type': 'STOP', 'isBid': True, 'price': 100284, 'orderId': '6868908060484', 'totalSize': 4, 'serialVersionUID': 1721611927160985286}"
2025-11-14 01:59:26.180789-05:00,MNQZ5.CME@RITHMIC,STOP,BUY,25071.0,1,3,0,0.0,,MNQZ5.CME@RITHMIC_20251113_ASIAN,OUTSIDE_CBDR,,,"{'bid': True, 'size': 1, 'time': 1763103566180788999, 'type': 'STOP', 'isBid': True, 'price': 100284, 'orderId': '6868908063755', 'totalSize': 3, 'serialVersionUID': 1721611927160985286}"
2025-11-14 01:59:26.180783-05:00,MNQZ5.CME@RITHMIC,STOP,BUY,25071.0,1,2,0,0.0,,MNQZ5.CME@RITHMIC_20251113_ASIAN,OUTSIDE_CBDR,,,"{'bid': True, 'size': 1, 'time': 1763103566180783400, 'type': 'STOP', 'isBid': True, 'price': 100284, 'orderId': '6868908055433', 'totalSize': 2, 'serialVersionUID': 1721611927160985286}"
2025-11-14 01:59:26.180774-05:00,MNQZ5.CME@RITHMIC,STOP,BUY,25071.0,1,1,0,0.0,,MNQZ5.CME@RITHMIC_20251113_ASIAN,OUTSIDE_CBDR,,,"{'bid': True, 'size': 1, 'time': 1763103566180774500, 'type': 'STOP', 'isBid': True, 'price': 100284, 'orderId': '6868908055433', 'totalSize': 1, 'serialVersionUID': 1721611927160985286}"
2025-11-14 01:59:14.565034-05:00,MNQZ5.CME@RITHMIC,STOP,BUY,25069.75,1,3,0,0.0,,MNQZ5.CME@RITHMIC_20251113_ASIAN,OUTSIDE_CBDR,,,"{'bid': True, 'size': 1, 'time': 1763103554565034100, 'type': 'STOP', 'isBid': True, 'price': 100279, 'orderId': '6868908063243', 'totalSize': 3, 'serialVersionUID': 1721611927160985286}"
2025-11-14 01:59:14.565018-05:00,MNQZ5.CME@RITHMIC,STOP,BUY,25069.75,1,2,0,0.0,,MNQZ5.CME@RITHMIC_20251113_ASIAN,OUTSIDE_CBDR,,,"{'bid': True, 'size': 1, 'time': 1763103554565017399, 'type': 'STOP', 'isBid': True, 'price': 100279, 'orderId': '6868908063239', 'totalSize': 2, 'serialVersionUID': 1721611927160985286}"
2025-11-14 01:59:14.564999-05:00,MNQZ5.CME@RITHMIC,STOP,BUY,25069.75,1,1,0,0.0,,MNQZ5.CME@RITHMIC_20251113_ASIAN,OUTSIDE_CBDR,,,"{'bid': True, 'size': 1, 'time': 1763103554564999500, 'type': 'STOP', 'isBid': True, 'price': 100279, 'orderId': '6868908063234', 'totalSize': 1, 'serialVersionUID': 1721611927160985286}"
2025-11-14 01:58:34.077198-05:00,MNQZ5.CME@RITHMIC,STOP,BUY,25069.75,2,12,0,0.0,,MNQZ5.CME@RITHMIC_20251113_ASIAN,OUTSIDE_CBDR,,,"{'bid': True, 'size': 2, 'time': 1763103514077197700, 'type': 'STOP', 'isBid': True, 'price': 100279, 'orderId': '6868907645855', 'totalSize': 12, 'serialVersionUID': 1721611927160985286}"
2025-11-14 01:58:34.077192-05:00,MNQZ5.CME@RITHMIC,STOP,BUY,25069.75,2,10,0,0.0,,MNQZ5.CME@RITHMIC_20251113_ASIAN,OUTSIDE_CBDR,,,"{'bid': True, 'size': 2, 'time': 1763103514077191600, 'type': 'STOP', 'isBid': True, 'price': 100279, 'orderId': '6868907645855', 'totalSize': 10, 'serialVersionUID': 1721611927160985286}"
2025-11-14 01:58:34.077187-05:00,MNQZ5.CME@RITHMIC,STOP,BUY,25069.75,1,8,0,0.0,,MNQZ5.CME@RITHMIC_20251113_ASIAN,OUTSIDE_CBDR,,,"{'bid': True, 'size': 1, 'time': 1763103514077187099, 'type': 'STOP', 'isBid': True, 'price': 100279, 'orderId': '6868907645854', 'totalSize': 8, 'serialVersionUID': 1721611927160985286}"
2025-11-14 01:58:34.077181-05:00,MNQZ5.CME@RITHMIC,STOP,BUY,25069.75,1,7,0,0.0,,MNQZ5.CME@RITHMIC_20251113_ASIAN,OUTSIDE_CBDR,,,"{'bid': True, 'size': 1, 'time': 1763103514077180800, 'type': 'STOP', 'isBid': True, 'price': 100279, 'orderId': '6868907645854', 'totalSize': 7, 'serialVersionUID': 1721611927160985286}"
2025-11-14 01:58:34.077177-05:00,MNQZ5.CME@RITHMIC,STOP,BUY,25069.75,1,6,0,0.0,,MNQZ5.CME@RITHMIC_20251113_ASIAN,OUTSIDE_CBDR,,,"{'bid': True, 'size': 1, 'time': 1763103514077177200, 'type': 'STOP', 'isBid': True, 'price': 100279, 'orderId': '6868907645854', 'totalSize': 6, 'serialVersionUID': 1721611927160985286}"
2025-11-14 01:58:34.077170-05:00,MNQZ5.CME@RITHMIC,STOP,BUY,25069.75,1,5,0,0.0,,MNQZ5.CME@RITHMIC_20251113_ASIAN,OUTSIDE_CBDR,,,"{'bid': True, 'size': 1, 'time': 1763103514077169899, 'type': 'STOP', 'isBid': True, 'price': 100279, 'orderId': '6868907645854', 'totalSize': 5, 'serialVersionUID': 1721611927160985286}"
2025-11-14 01:58:34.077165-05:00,MNQZ5.CME@RITHMIC,STOP,BUY,25069.75,1,4,0,0.0,,MNQZ5.CME@RITHMIC_20251113_ASIAN,OUTSIDE_CBDR,,,"{'bid': True, 'size': 1, 'time': 1763103514077165200, 'type': 'STOP', 'isBid': True, 'price': 100279, 'orderId': '6868907645845', 'totalSize': 4, 'serialVersionUID': 1721611927160985286}"
2025-11-14 01:58:34.076915-05:00,MNQZ5.CME@RITHMIC,STOP,BUY,25069.75,3,3,0,0.0,,MNQZ5.CME@RITHMIC_20251113_ASIAN,OUTSIDE_CBDR,,,"{'bid': True, 'size': 3, 'time': 1763103514076914700, 'type': 'STOP', 'isBid': True, 'price': 100279, 'orderId': '6868907645845', 'totalSize': 3, 'serialVersionUID': 1721611927160985286}"
2025-11-14 01:58:12.020797-05:00,MNQZ5.CME@RITHMIC,STOP,SELL,25063.5,1,1,0,0.0,,MNQZ5.CME@RITHMIC_20251113_ASIAN,OUTSIDE_CBDR,,,"{'bid': False, 'size': 1, 'time': 1763103492020796799, 'type': 'STOP', 'isBid': False, 'price': 100254, 'orderId': '6868908035973', 'totalSize': 1, 'serialVersionUID': 1721611927160985286}"
2025-11-14 01:58:09.604267-05:00,MNQZ5.CME@RITHMIC,STOP,BUY,25068.75,1,2,0,0.0,,MNQZ5.CME@RITHMIC_20251113_ASIAN,OUTSIDE_CBDR,,,"{'bid': True, 'size': 1, 'time': 1763103489604266999, 'type': 'STOP', 'isBid': True, 'price': 100275, 'orderId': '6868908051010', 'totalSize': 2, 'serialVersionUID': 1721611927160985286}"
2025-11-14 01:58:09.604257-05:00,MNQZ5.CME@RITHMIC,STOP,BUY,25068.75,1,1,0,0.0,,MNQZ5.CME@RITHMIC_20251113_ASIAN,OUTSIDE_CBDR,,,"{'bid': True, 'size': 1, 'time': 1763103489604256700, 'type': 'STOP', 'isBid': True, 'price': 100275, 'orderId': '6868907834563', 'totalSize': 1, 'serialVersionUID': 1721611927160985286}"
2025-11-14 01:58:08.119419-05:00,MNQZ5.CME@RITHMIC,STOP,BUY,25066.25,1,3,0,0.0,,MNQZ5.CME@RITHMIC_20251113_ASIAN,OUTSIDE_CBDR,,,"{'bid': True, 'size': 1, 'time': 1763103488119419200, 'type': 'STOP', 'isBid': True, 'price': 100265, 'orderId': '6868908051732', 'totalSize': 3, 'serialVersionUID': 1721611927160985286}"
2025-11-14 01:58:08.119415-05:00,MNQZ5.CME@RITHMIC,STOP,BUY,25066.25,1,2,0,0.0,,MNQZ5.CME@RITHMIC_20251113_ASIAN,OUTSIDE_CBDR,,,"{'bid': True, 'size': 1, 'time': 1763103488119415200, 'type': 'STOP', 'isBid': True, 'price': 100265, 'orderId': '6868908051760', 'totalSize': 2, 'serialVersionUID': 1721611927160985286}"
2025-11-14 01:58:08.119406-05:00,MNQZ5.CME@RITHMIC,STOP,BUY,25066.25,1,1,0,0.0,,MNQZ5.CME@RITHMIC_20251113_ASIAN,OUTSIDE_CBDR,,,"{'bid': True, 'size': 1, 'time': 1763103488119405600, 'type': 'STOP', 'isBid': True, 'price': 100265, 'orderId': '6868908051723', 'totalSize': 1, 'serialVersionUID': 1721611927160985286}"
2025-11-14 01:57:43.775995-05:00,MNQZ5.CME@RITHMIC,STOP,BUY,25066.5,1,1,0,0.0,,MNQZ5.CME@RITHMIC_20251113_ASIAN,OUTSIDE_CBDR,,,"{'bid': True, 'size': 1, 'time': 1763103463775995199, 'type': 'STOP', 'isBid': True, 'price': 100266, 'orderId': '6868908029571', 'totalSize': 1, 'serialVersionUID': 1721611927160985286}"
2025-11-14 01:57:35.154094-05:00,MNQZ5.CME@RITHMIC,STOP,BUY,25065.5,1,1,0,0.0,,MNQZ5.CME@RITHMIC_20251113_ASIAN,OUTSIDE_CBDR,,,"{'bid': True, 'size': 1, 'time': 1763103455154093600, 'type': 'STOP', 'isBid': True, 'price': 100262, 'orderId': '6868908045256', 'totalSize': 1, 'serialVersionUID': 1721611927160985286}"
2025-11-14 01:57:15.641268-05:00,MNQZ5.CME@RITHMIC,STOP,BUY,25063.25,3,22,0,0.0,,MNQZ5.CME@RITHMIC_20251113_ASIAN,OUTSIDE_CBDR,,,"{'bid': True, 'size': 3, 'time': 1763103435641268000, 'type': 'STOP', 'isBid': True, 'price': 100253, 'orderId': '6868907948370', 'totalSize': 22, 'serialVersionUID': 1721611927160985286}"
2025-11-14 01:57:15.641254-05:00,MNQZ5.CME@RITHMIC,STOP,BUY,25063.0,1,19,0,0.0,,MNQZ5.CME@RITHMIC_20251113_ASIAN,OUTSIDE_CBDR,,,"{'bid': True, 'size': 1, 'time': 1763103435641253900, 'type': 'STOP', 'isBid': True, 'price': 100252, 'orderId': '6868907948370', 'totalSize': 19, 'serialVersionUID': 1721611927160985286}"
2025-11-14 01:57:15.641248-05:00,MNQZ5.CME@RITHMIC,STOP,BUY,25063.0,8,18,0,0.0,,MNQZ5.CME@RITHMIC_20251113_ASIAN,OUTSIDE_CBDR,,,"{'bid': True, 'size': 8, 'time': 1763103435641247400, 'type': 'STOP', 'isBid': True, 'price': 100252, 'orderId': '6868907948370', 'totalSize': 18, 'serialVersionUID': 1721611927160985286}"
2025-11-14 01:57:15.641205-05:00,MNQZ5.CME@RITHMIC,STOP,BUY,25063.0,7,10,0,0.0,,MNQZ5.CME@RITHMIC_20251113_ASIAN,OUTSIDE_CBDR,,,"{'bid': True, 'size': 7, 'time': 1763103435641205200, 'type': 'STOP', 'isBid': True, 'price': 100252, 'orderId': '6868907886987', 'totalSize': 10, 'serialVersionUID': 1721611927160985286}"
2025-11-14 01:57:15.641195-05:00,MNQZ5.CME@RITHMIC,STOP,BUY,25063.0,1,3,0,0.0,,MNQZ5.CME@RITHMIC_20251113_ASIAN,OUTSIDE_CBDR,,,"{'bid': True, 'size': 1, 'time': 1763103435641195300, 'type': 'STOP', 'isBid': True, 'price': 100252, 'orderId': '6868907886987', 'totalSize': 3, 'serialVersionUID': 1721611927160985286}"
2025-11-14 01:57:15.641169-05:00,MNQZ5.CME@RITHMIC,STOP,BUY,25063.0,2,2,0,0.0,,MNQZ5.CME@RITHMIC_20251113_ASIAN,OUTSIDE_CBDR,,,"{'bid': True, 'size': 2, 'time': 1763103435641169500, 'type': 'STOP', 'isBid': True, 'price': 100252, 'orderId': '6868907886987', 'totalSize': 2, 'serialVersionUID': 1721611927160985286}"
2025-11-14 01:57:14.801421-05:00,MNQZ5.CME@RITHMIC,STOP,BUY,25062.0,1,5,0,0.0,,MNQZ5.CME@RITHMIC_20251113_ASIAN,OUTSIDE_CBDR,,,"{'bid': True, 'size': 1, 'time': 1763103434801420800, 'type': 'STOP', 'isBid': True, 'price': 100248, 'orderId': '6868908031123', 'totalSize': 5, 'serialVersionUID': 1721611927160985286}"
2025-11-14 01:57:14.801417-05:00,MNQZ5.CME@RITHMIC,STOP,BUY,25062.0,1,4,0,0.0,,MNQZ5.CME@RITHMIC_20251113_ASIAN,OUTSIDE_CBDR,,,"{'bid': True, 'size': 1, 'time': 1763103434801416800, 'type': 'STOP', 'isBid': True, 'price': 100248, 'orderId': '6868907515860', 'totalSize': 4, 'serialVersionUID': 1721611927160985286}"
2025-11-14 01:57:14.801409-05:00,MNQZ5.CME@RITHMIC,STOP,BUY,25062.0,1,3,0,0.0,,MNQZ5.CME@RITHMIC_20251113_ASIAN,OUTSIDE_CBDR,,,"{'bid': True, 'size': 1, 'time': 1763103434801409000, 'type': 'STOP', 'isBid': True, 'price': 100248, 'orderId': '6868908031110', 'totalSize': 3, 'serialVersionUID': 1721611927160985286}"
2025-11-14 01:57:14.801402-05:00,MNQZ5.CME@RITHMIC,STOP,BUY,25062.0,2,2,0,0.0,,MNQZ5.CME@RITHMIC_20251113_ASIAN,OUTSIDE_CBDR,,,"{'bid': True, 'size': 2, 'time': 1763103434801402200, 'type': 'STOP', 'isBid': True, 'price': 100248, 'orderId': '6868907867364', 'totalSize': 2, 'serialVersionUID': 1721611927160985286}"
2025-11-14 01:56:34.135323-05:00,MNQZ5.CME@RITHMIC,STOP,SELL,25054.0,1,10,0,0.0,,MNQZ5.CME@RITHMIC_20251113_ASIAN,OUTSIDE_CBDR,,,"{'bid': False, 'size': 1, 'time': 1763103394135323000, 'type': 'STOP', 'isBid': False, 'price': 100216, 'orderId': '6868908005879', 'totalSize': 10, 'serialVersionUID': 1721611927160985286}"
2025-11-14 01:56:34.135319-05:00,MNQZ5.CME@RITHMIC,STOP,SELL,25054.0,2,9,0,0.0,,MNQZ5.CME@RITHMIC_20251113_ASIAN,OUTSIDE_CBDR,,,"{'bid': False, 'size': 2, 'time': 1763103394135319300, 'type': 'STOP', 'isBid': False, 'price': 100216, 'orderId': '6868908005879', 'totalSize': 9, 'serialVersionUID': 1721611927160985286}"
2025-11-14 01:56:34.135312-05:00,MNQZ5.CME@RITHMIC,STOP,SELL,25054.0,1,7,0,0.0,,MNQZ5.CME@RITHMIC_20251113_ASIAN,OUTSIDE_CBDR,,,"{'bid': False, 'size': 1, 'time': 1763103394135312300, 'type': 'STOP', 'isBid': False, 'price': 100216, 'orderId': '6868908005879', 'totalSize': 7, 'serialVersionUID': 1721611927160985286}"
2025-11-14 01:56:34.135308-05:00,MNQZ5.CME@RITHMIC,STOP,SELL,25054.0,1,6,0,0.0,,MNQZ5.CME@RITHMIC_20251113_ASIAN,OUTSIDE_CBDR,,,"{'bid': False, 'size': 1, 'time': 1763103394135307700, 'type': 'STOP', 'isBid': False, 'price': 100216, 'orderId': '6868908005879', 'totalSize': 6, 'serialVersionUID': 1721611927160985286}"
2025-11-14 01:56:34.135294-05:00,MNQZ5.CME@RITHMIC,STOP,SELL,25054.25,1,5,0,0.0,,MNQZ5.CME@RITHMIC_20251113_ASIAN,OUTSIDE_CBDR,,,"{'bid': False, 'size': 1, 'time': 1763103394135294300, 'type': 'STOP', 'isBid': False, 'price': 100217, 'orderId': '6868908005879', 'totalSize': 5, 'serialVersionUID': 1721611927160985286}"
2025-11-14 01:56:34.135280-05:00,MNQZ5.CME@RITHMIC,STOP,SELL,25054.25,2,4,0,0.0,,MNQZ5.CME@RITHMIC_20251113_ASIAN,OUTSIDE_CBDR,,,"{'bid': False, 'size': 2, 'time': 1763103394135279900, 'type': 'STOP', 'isBid': False, 'price': 100217, 'orderId': '6868908005879', 'totalSize': 4, 'serialVersionUID': 1721611927160985286}"
2025-11-14 01:56:34.135262-05:00,MNQZ5.CME@RITHMIC,STOP,SELL,25054.25,1,2,0,0.0,,MNQZ5.CME@RITHMIC_20251113_ASIAN,OUTSIDE_CBDR,,,"{'bid': False, 'size': 1, 'time': 1763103394135261800, 'type': 'STOP', 'isBid': False, 'price': 100217, 'orderId': '6868907986135', 'totalSize': 2, 'serialVersionUID': 1721611927160985286}"
2025-11-14 01:56:34.135254-05:00,MNQZ5.CME@RITHMIC,STOP,SELL,25054.25,1,1,0,0.0,,MNQZ5.CME@RITHMIC_20251113_ASIAN,OUTSIDE_CBDR,,,"{'bid': False, 'size': 1, 'time': 1763103394135254200, 'type': 'STOP', 'isBid': False, 'price': 100217, 'orderId': '6868907986135', 'totalSize': 1, 'serialVersionUID': 1721611927160985286}"
2025-11-14 01:52:54.859535-05:00,MNQZ5.CME@RITHMIC,STOP,SELL,25028.25,1,1,0,0.0,,MNQZ5.CME@RITHMIC_20251113_ASIAN,OUTSIDE_CBDR,,,"{'bid': False, 'size': 1, 'time': 1763103174859535200, 'type': 'STOP', 'isBid': False, 'price': 100113, 'orderId': '6868907972548', 'totalSize': 1, 'serialVersionUID': 1721611927160985286}"
2025-11-14 01:52:28.314691-05:00,MNQZ5.CME@RITHMIC,STOP,BUY,25028.75,1,1,0,0.0,,MNQZ5.CME@RITHMIC_20251113_ASIAN,OUTSIDE_CBDR,,,"{'bid': True, 'size': 1, 'time': 1763103148314691200, 'type': 'STOP', 'isBid': True, 'price': 100115, 'orderId': '6868907947014', 'totalSize': 1, 'serialVersionUID': 1721611927160985286}"
2025-11-14 01:52:26.226620-05:00,MNQZ5.CME@RITHMIC,STOP,BUY,25028.25,1,4,0,0.0,,MNQZ5.CME@RITHMIC_20251113_ASIAN,OUTSIDE_CBDR,,,"{'bid': True, 'size': 1, 'time': 1763103146226620499, 'type': 'STOP', 'isBid': True, 'price': 100113, 'orderId': '6868907951659', 'totalSize': 4, 'serialVersionUID': 1721611927160985286}"
2025-11-14 01:52:26.226614-05:00,MNQZ5.CME@RITHMIC,STOP,BUY,25028.25,1,3,0,0.0,,MNQZ5.CME@RITHMIC_20251113_ASIAN,OUTSIDE_CBDR,,,"{'bid': True, 'size': 1, 'time': 1763103146226614100, 'type': 'STOP', 'isBid': True, 'price': 100113, 'orderId': '6868907951659', 'totalSize': 3, 'serialVersionUID': 1721611927160985286}"
2025-11-14 01:52:26.226592-05:00,MNQZ5.CME@RITHMIC,STOP,BUY,25028.25,2,2,0,0.0,,MNQZ5.CME@RITHMIC_20251113_ASIAN,OUTSIDE_CBDR,,,"{'bid': True, 'size': 2, 'time': 1763103146226591400, 'type': 'STOP', 'isBid': True, 'price': 100113, 'orderId': '6868907951659', 'totalSize': 2, 'serialVersionUID': 1721611927160985286}"
2025-11-14 01:52:25.226372-05:00,MNQZ5.CME@RITHMIC,STOP,BUY,25027.75,1,1,0,0.0,,MNQZ5.CME@RITHMIC_20251113_ASIAN,OUTSIDE_CBDR,,,"{'bid': True, 'size': 1, 'time': 1763103145226371699, 'type': 'STOP', 'isBid': True, 'price': 100111, 'orderId': '6868907962991', 'totalSize': 1, 'serialVersionUID': 1721611927160985286}"
2025-11-14 01:52:24.211636-05:00,MNQZ5.CME@RITHMIC,STOP,BUY,25026.0,1,9,0,0.0,,MNQZ5.CME@RITHMIC_20251113_ASIAN,OUTSIDE_CBDR,,,"{'bid': True, 'size': 1, 'time': 1763103144211636200, 'type': 'STOP', 'isBid': True, 'price': 100104, 'orderId': '6868907965651', 'totalSize': 9, 'serialVersionUID': 1721611927160985286}"
2025-11-14 01:52:24.211628-05:00,MNQZ5.CME@RITHMIC,STOP,BUY,25026.0,1,8,0,0.0,,MNQZ5.CME@RITHMIC_20251113_ASIAN,OUTSIDE_CBDR,,,"{'bid': True, 'size': 1, 'time': 1763103144211628300, 'type': 'STOP', 'isBid': True, 'price': 100104, 'orderId': '6868907965651', 'totalSize': 8, 'serialVersionUID': 1721611927160985286}"
2025-11-14 01:52:24.211623-05:00,MNQZ5.CME@RITHMIC,STOP,BUY,25026.0,1,7,0,0.0,,MNQZ5.CME@RITHMIC_20251113_ASIAN,OUTSIDE_CBDR,,,"{'bid': True, 'size': 1, 'time': 1763103144211622900, 'type': 'STOP', 'isBid': True, 'price': 100104, 'orderId': '6868907965651', 'totalSize': 7, 'serialVersionUID': 1721611927160985286}"
2025-11-14 01:52:24.211613-05:00,MNQZ5.CME@RITHMIC,STOP,BUY,25026.0,1,6,0,0.0,,MNQZ5.CME@RITHMIC_20251113_ASIAN,OUTSIDE_CBDR,,,"{'bid': True, 'size': 1, 'time': 1763103144211613000, 'type': 'STOP', 'isBid': True, 'price': 100104, 'orderId': '6868907965651', 'totalSize': 6, 'serialVersionUID': 1721611927160985286}"
2025-11-14 01:52:24.211607-05:00,MNQZ5.CME@RITHMIC,STOP,BUY,25025.75,1,5,0,0.0,,MNQZ5.CME@RITHMIC_20251113_ASIAN,OUTSIDE_CBDR,,,"{'bid': True, 'size': 1, 'time': 1763103144211607300, 'type': 'STOP', 'isBid': True, 'price': 100103, 'orderId': '6868907965651', 'totalSize': 5, 'serialVersionUID': 1721611927160985286}"
2025-11-14 01:52:24.211576-05:00,MNQZ5.CME@RITHMIC,STOP,BUY,25025.75,1,4,0,0.0,,MNQZ5.CME@RITHMIC_20251113_ASIAN,OUTSIDE_CBDR,,,"{'bid': True, 'size': 1, 'time': 1763103144211576199, 'type': 'STOP', 'isBid': True, 'price': 100103, 'orderId': '6868907965651', 'totalSize': 4, 'serialVersionUID': 1721611927160985286}"
2025-11-14 01:52:24.211570-05:00,MNQZ5.CME@RITHMIC,STOP,BUY,25025.75,1,3,0,0.0,,MNQZ5.CME@RITHMIC_20251113_ASIAN,OUTSIDE_CBDR,,,"{'bid': True, 'size': 1, 'time': 1763103144211570399, 'type': 'STOP', 'isBid': True, 'price': 100103, 'orderId': '6868907965651', 'totalSize': 3, 'serialVersionUID': 1721611927160985286}"
2025-11-14 01:52:24.211536-05:00,MNQZ5.CME@RITHMIC,STOP,BUY,25025.75,1,2,0,0.0,,MNQZ5.CME@RITHMIC_20251113_ASIAN,OUTSIDE_CBDR,,,"{'bid': True, 'size': 1, 'time': 1763103144211536400, 'type': 'STOP', 'isBid': True, 'price': 100103, 'orderId': '6868907965651', 'totalSize': 2, 'serialVersionUID': 1721611927160985286}"
2025-11-14 01:52:24.211502-05:00,MNQZ5.CME@RITHMIC,STOP,BUY,25025.5,1,1,0,0.0,,MNQZ5.CME@RITHMIC_20251113_ASIAN,OUTSIDE_CBDR,,,"{'bid': True, 'size': 1, 'time': 1763103144211501599, 'type': 'STOP', 'isBid': True, 'price': 100102, 'orderId': '6868907965651', 'totalSize': 1, 'serialVersionUID': 1721611927160985286}"
