time,open,high,low,close
2021-07-28,17520,17718.5,17510.25,17655.25
2021-07-29,17628,17727.75,17548,17681.5
2021-07-30,17553.75,17623.5,17455.25,17599.5
2021-08-02,17616,17699.75,17576.25,17596.5
2021-08-03,17607.5,17693.75,17492.5,17690
2021-08-04,17682.75,17751.75,17640.5,17717.25
2021-08-05,17724.75,17816,17713.25,17811.5
2021-08-06,17811.75,17813.75,17691.25,17739.25
2021-08-09,17735,17789.75,17647.25,17769
2021-08-10,17771.5,17801,17638.5,17688.25
2021-08-11,17689,17762.75,17606.75,17663.25
2021-08-12,17651.5,17734.25,17584.75,17722.25
2021-08-13,17720.75,17785.25,17699,17769.5
2021-08-16,17763.75,17782.75,17560.75,17777.75
2021-08-17,17777.5,17778.5,17540.75,17641.25
2021-08-18,17614.75,17680.75,17450.25,17493
2021-08-19,17484.5,17642.75,17354.75,17571.75
2021-08-20,17586.75,17743.75,17495.5,17730.5
2021-08-23,17736,17981.75,17731.25,17948.25
2021-08-24,17971.25,18027.75,17953,17999.25
2021-08-25,18005,18040.75,17976.75,18008
2021-08-26,18010.75,18012.25,17899.25,17918.5
2021-08-27,17930.25,18087.5,17909.25,18070.25
2021-08-30,18075.5,18261.5,18063.75,18241.25
2021-08-31,18247.5,18321,18157.75,18226.25
2021-09-01,18245,18341.75,18221.5,18253
2021-09-02,18252.75,18326,18195,18244.75
2021-09-03,18243,18321.25,18195.75,18295.25
2021-09-07,18297.5,18352.5,18250.75,18318.5
2021-09-08,18314.75,18334.75,18167.25,18263.75
2021-09-09,18253.75,18320.25,18189.5,18202.5
2021-09-10,18205,18311.25,18077.25,18085.25
2021-09-13,18093.5,18208.75,17994.25,18080.5
2021-09-14,18096.5,18174.25,17994.75,18030.25
2021-09-15,18042.5,18165,17958.5,18147
2021-09-16,18160.25,18183.5,18009.5,18160
2021-09-17,18149.5,18178.75,17926.5,17976.5
2021-09-20,17935.5,17988.5,17458,17660
2021-09-21,17641.75,17814,17614.25,17674.5
2021-09-22,17642.75,17877.5,17579.75,17814
2021-09-23,17828.25,17997.25,17825,17954
2021-09-24,17949.25,17984.5,17827.25,17969.25
2021-09-27,17969.25,18050,17734.5,17845.25
2021-09-28,17823,17842.75,17391.25,17415.25
2021-09-29,17420.5,17576.75,17361.5,17390.25
2021-09-30,17412.5,17534.5,17320.5,17333
2021-10-01,17351,17468.5,17187.5,17412.25
2021-10-04,17431.5,17486.25,17018.25,17112.75
2021-10-05,17139,17405,17060.5,17305.75
2021-10-06,17312.25,17420.5,17072.75,17409.5
2021-10-07,17417.5,17651.75,17415.5,17531.75
2021-10-08,17544.5,17648.5,17441.5,17458.75
2021-10-11,17460.5,17547.25,17327.25,17351
2021-10-12,17338.75,17433.75,17236,17303.75
2021-10-13,17245.5,17446.5,17240.75,17414.75
2021-10-14,17420.5,17722,17417.25,17687.75
2021-10-15,17715,17795.5,17671.25,17785
2021-10-18,17796.75,17950.5,17689,17941
2021-10-19,17940.75,18079,17920,18049
2021-10-20,18061,18097.25,17969.75,18028
2021-10-21,18008.75,18134.25,17951.25,18129.25
2021-10-22,18036,18114.25,17924.25,17991.5
2021-10-25,17976,18196.25,17947,18146.25
2021-10-26,18194,18351.5,18153.25,18195.5
2021-10-27,18173.75,18367.75,18157.75,18237.75
2021-10-28,18246.5,18428.25,18241.75,18415.25
2021-10-29,18327.5,18519.5,18245.5,18489
2021-11-01,18525.5,18565.25,18419.25,18544.75
2021-11-02,18541.75,18630.75,18500,18611.75
2021-11-03,18609,18796.5,18585.5,18780.25
2021-11-04,18780.5,19029,18778.5,18981.25
2021-11-05,18986,19099,18942.75,19002.25
2021-11-08,18950.5,19044.75,18915.5,18978.25
2021-11-09,18963.75,19042.25,18810.5,18863.25
2021-11-10,18852.75,18893.5,18548.25,18631
2021-11-11,18640.75,18764,18626.5,18673.25
2021-11-12,18692.5,18864,18652.25,18843.25
2021-11-15,18861.5,18927,18733.25,18838.25
2021-11-16,18849.5,18974.25,18793,18951.25
2021-11-17,18947.25,19049.25,18920.25,18962
2021-11-18,18972.5,19159.5,18954.25,19131.75
2021-11-19,19156,19279,19140.5,19225.5
2021-11-22,19250.25,19418,19015.25,19032.5
2021-11-23,19050.25,19069.25,18769,18962.5
2021-11-24,18949.5,19019,18752.5,19016.5
2021-11-26,19011.5,19086.25,18638.5,18701.5
2021-11-29,18696.75,19088.25,18687.5,19041.25
2021-11-30,19069.25,19107,18718.75,18801
2021-12-01,18886.25,19078.25,18477,18520.25
2021-12-02,18541,18717,18413.75,18639
2021-12-03,18669.5,18772.25,18188.5,18368.25
2021-12-06,18354.25,18547.5,18209.75,18493.25
2021-12-07,18499.5,19025.5,18475.5,18968.5
2021-12-08,19014.25,19086.5,18902,19042.75
2021-12-09,19031.25,19070.5,18770.75,18799.25
2021-12-10,18809.5,18986.5,18778,18980.25
2021-12-13,18971.5,19062.25,18714.5,18732.5
2021-12-14,18741,18784,18385.5,18573.25
2021-12-15,18576.75,18951,18391.25,18937.25
2021-12-16,18938.5,19108,18443.75,18517.75
2021-12-17,18529.25,18607.75,18302,18439
2021-12-20,18461,18502.75,18142.75,18272.25
2021-12-21,18330.25,18638,18256.25,18631
2021-12-22,18631.25,18834.25,18533.25,18820.75
2021-12-23,18832.5,19006.75,18796.25,18950
2021-12-27,18955.25,19231.75,18955.25,19211
2021-12-28,19220.25,19309.5,19104.25,19139
2021-12-29,19169.25,19215,19038.75,19141.5
2021-12-30,19138.5,19218.5,19062.25,19081.25
2021-12-31,19081.25,19115,18964.25,18971.75
2022-01-03,19006,19158.75,18942.5,19136.5
2022-01-04,19147.5,19215,18790.75,18926.75
2022-01-05,18916.75,18921,18402.75,18417.5
2022-01-06,18412.5,18546.75,18249.5,18410
2022-01-07,18451.75,18504.25,18161.25,18232
2022-01-10,18240.5,18319.75,17803.5,18259
2022-01-11,18267.75,18491,18125.5,18482
2022-01-12,18477.75,18660.5,18413.5,18538.25
2022-01-13,18552.5,18630.25,18109.25,18141.25
2022-01-14,18157,18271,17963.25,18246.75
2022-01-18,18267.75,18304.75,17821.75,17857
2022-01-19,17891,18023.25,17662,17684.5
2022-01-20,17693,17991.5,17297.75,17492
2022-01-21,17388,17509.5,17059.25,17077.5
2022-01-24,17060.75,17230.75,16357.25,17152
2022-01-25,17145.25,17150.25,16541,16791.75
2022-01-26,16596,17293.25,16594.75,16809.5
2022-01-27,16829.25,17060.75,16496.25,16637.75
2022-01-28,16793,17093.5,16481.75,17084
2022-01-31,17101,17565.5,17004.5,17556
2022-02-01,17516.75,17789,17380.25,17645.75
2022-02-02,17779.5,17912.5,17476.25,17765.5
2022-02-03,17508,17521,17107.5,17143.25
2022-02-04,17427.75,17476.75,17014.25,17336.5
2022-02-07,17325.5,17457.5,17162.25,17210.75
2022-02-08,17254,17426.75,17118.75,17385.5
2022-02-09,17395.75,17719,17391,17689.25
2022-02-10,17709.75,17712.5,17273,17352
2022-02-11,17351,17417.75,16832,16891.5
2022-02-14,16901.25,17045,16681.75,16904
2022-02-15,16901.25,17266,16874.25,17260.5
2022-02-16,17245,17319.5,17032,17251
2022-02-17,17244.25,17270.75,16784.5,16815.75
2022-02-18,16807,16950,16557,16647
2022-02-22,16604.25,16808,16243.25,16513.75
2022-02-23,16576.5,16720,16122.25,16158.5
2022-02-24,16135.75,16634.5,15676.75,16617.5
2022-02-25,16562,16849,16410.25,16831.5
2022-02-28,16656,16943.5,16342,16879
2022-03-01,16869,16978.5,16551,16656.5
2022-03-02,16677.5,16944.25,16563,16890.25
2022-03-03,16846.25,17042.25,16606,16681.5
2022-03-04,16716.25,16737,16384.5,16490.75
2022-03-07,16429.5,16530.75,15916,15971.75
2022-03-08,15933.5,16317.25,15756.25,15918
2022-03-09,15845.25,16473.5,15843,16385.75
2022-03-10,16425.25,16431,16047.25,16237
2022-03-11,16226.25,16512.5,15933,15943
2022-03-14,15981.75,16097.5,15664,15696.5
2022-03-15,15738.75,16139.25,15594.25,16102
2022-03-16,16095.25,16678.25,16069.5,16602.25
2022-03-17,16647.5,16785,16471.5,16760.25
2022-03-18,16705.25,17093.75,16619.75,17066
2022-03-21,17057,17119.25,16836.25,17023
2022-03-22,17041.5,17344.5,16945,17306.5
2022-03-23,17305.25,17335.25,17094,17099.5
2022-03-24,17116,17422.5,17085.75,17416.25
2022-03-25,17415.5,17493.75,17225,17408.25
2022-03-28,17407.75,17649,17311.25,17637.75
2022-03-29,17634.75,17921.5,17608.75,17890.25
2022-03-30,17872.5,17915,17664.5,17724
2022-03-31,17752.5,17833.5,17508,17521.25
2022-04-01,17574,17611.75,17378,17516.25
2022-04-04,17500,17826.5,17454.5,17816.75
2022-04-05,17812.5,17851.75,17432.5,17480.5
2022-04-06,17513.25,17516.5,17048,17157.75
2022-04-07,17144.5,17286.5,16970.75,17188.5
2022-04-08,17187,17295,16963,16979.5
2022-04-11,16986.5,17032.25,16637,16652.5
2022-04-12,16657,16936.5,16532.5,16597.5
2022-04-13,16606.5,16919.25,16574,16874
2022-04-14,16863,16948.5,16528.5,16546.25
2022-04-18,16546.5,16654.75,16381.75,16560.25
2022-04-19,16613.25,16893.25,16480.5,16869.75
2022-04-20,16751.5,16950.5,16610.75,16657.25
2022-04-21,16722.75,16935.5,16319.75,16380.75
2022-04-22,16371.5,16431.5,15948.25,16006
2022-04-25,15976,16202.5,15836.25,16188.25
2022-04-26,16180.5,16237,15455.5,15668.5
2022-04-27,15514.25,15907.5,15512.5,15661.5
2022-04-28,15840.5,16194.75,15686,16107.25
2022-04-29,15902.5,16086,15484.25,15504.5
2022-05-02,15545,15737,15362,15725.5
2022-05-03,15708,15836.5,15620.5,15740
2022-05-04,15772.75,16207.75,15534.5,16183.75
2022-05-05,16149.25,16200.25,15356.5,15510.5
2022-05-06,15542.5,15581.75,15171.75,15348.25
2022-05-09,15259,15289.25,14784,14846.25
2022-05-10,14857.5,15199.75,14754.25,15001.5
2022-05-11,14983,15206.25,14591,14622.25
2022-05-12,14655.75,14785.25,14341.75,14599.75
2022-05-13,14542.75,15084.5,14542.5,15035.25
2022-05-16,15062.5,15151.5,14842.25,14897.25
2022-05-17,14890.5,15231.25,14882.5,15212.75
2022-05-18,15226.75,15246,14515.75,14588
2022-05-19,14556.75,14729.5,14356.75,14530.75
2022-05-20,14551.75,14749,14143.75,14493.25
2022-05-23,14511,14728,14436.25,14687.75
2022-05-24,14586.5,14588.5,14228.75,14423.5
2022-05-25,14463,14685.75,14323.5,14594.75
2022-05-26,14534.75,14996,14501,14931.75
2022-05-27,14904.25,15376.25,14874.5,15330.25
2022-05-31,15358,15535,15132.5,15299
2022-06-01,15299,15475.75,15107.25,15203.5
2022-06-02,15201.75,15556.25,15094.75,15546.25
2022-06-03,15547,15597.5,15155.5,15203.5
2022-06-06,15200.5,15463,15179.5,15257.5
2022-06-07,15257.25,15393,15064.5,15364
2022-06-08,15336.25,15436,15231.5,15268.25
2022-06-09,15270.25,15378.5,14908,14927.5
2022-06-10,14950.75,14992,14475.25,14492.5
2022-06-13,14456.25,14456.25,13907,13949
2022-06-14,13989.25,14156,13857.5,13968
2022-06-15,13985.5,14415.75,13980.75,14250.5
2022-06-16,14272.5,14395.5,13690.25,13778.75
2022-06-17,13821.5,14017.75,13741.75,13918.25
2022-06-21,13952.75,14300,13895.5,14198.75
2022-06-22,14200.5,14368,13942,14187.25
2022-06-23,14165,14388.75,14082,14359
2022-06-24,14311.5,14770.5,14305.75,14762
2022-06-27,14761.5,14884.25,14615.75,14662
2022-06-28,14696.5,14795.75,14283,14295.75
2022-06-29,14302.25,14370.5,14185.5,14312.5
2022-06-30,14316.5,14318.5,13972.25,14151
2022-07-01,14132.5,14251.25,14003.25,14232.75
2022-07-05,14234.5,14438.5,14010.25,14430
2022-07-06,14435.25,14595.5,14349.75,14501.75
2022-07-07,14525,14790.25,14458.75,14760
2022-07-08,14737.25,14832.5,14574.25,14773.5
2022-07-11,14770.25,14776.5,14474.5,14505.75
2022-07-12,14521.5,14647,14333.5,14400.5
2022-07-13,14401,14619.5,14099.5,14383.75
2022-07-14,14352,14456.25,14132.5,14419
2022-07-15,14429.5,14643.25,14362.5,14629
2022-07-18,14662.25,14808.25,14479.25,14528.5
2022-07-19,14533,14950.25,14511,14895.5
2022-07-20,14954.75,15139,14857.5,15086.75
2022-07-21,15052.75,15277,14995,15261.5
2022-07-22,15181.5,15318.5,14966,15045
2022-07-25,15061.5,15120.25,14888,14976
2022-07-26,14940,14955.5,14691.5,14734
2022-07-27,14814.25,15311.5,14811.75,15240.5
2022-07-28,15204.25,15569.5,15070.75,15359
2022-07-29,15545.25,15634,15365.75,15593
2022-08-01,15601.5,15730,15472.75,15584
2022-08-02,15596.75,15718.5,15437.75,15546
2022-08-03,15543,15932,15488.75,15893
2022-08-04,15869.5,15977.5,15806,15948.5
2022-08-05,15943.5,16006.5,15707,15850.25
2022-08-08,15847.5,16041,15742,15804.75
2022-08-09,15832.25,15855,15584.75,15653
2022-08-10,15670,16029.5,15603.25,16013.5
2022-08-11,16001.75,16197.25,15906.25,15932.75
2022-08-12,15969,16204.5,15933.75,16199.25
2022-08-15,16193.5,16327.25,16117.25,16302.75
2022-08-16,16295,16362,16144.25,16279.75
2022-08-17,16284.5,16294.75,16027.75,16114.75
2022-08-18,16124,16197,16032.75,16144.75
2022-08-19,16156.25,16156.5,15848.5,15890
2022-08-22,15849,15850.5,15497,15531.25
2022-08-23,15557,15640.5,15445,15518
2022-08-24,15512,15633.5,15447.25,15551.25
2022-08-25,15566.75,15783,15546.5,15777.5
2022-08-26,15777,15841.5,15176.75,15242
2022-08-29,15105.75,15231.5,15023,15114.25
2022-08-30,15123.5,15280.5,14869,14980.25
2022-08-31,14982,15134.5,14897.75,14906.75
2022-09-01,14911.5,14921.5,14639.75,14913.75
2022-09-02,14921.5,15083.5,14662,14725.75
2022-09-06,14733,14866.25,14551.5,14640.5
2022-09-07,14640.75,14927.75,14543.75,14884.75
2022-09-08,14884.25,15001,14738.5,14943.25
2022-09-09,14967.75,15235.75,14950.75,15214
2022-09-12,15236.25,15395.5,15194.75,15362.25
2022-09-13,15404.25,15515.25,14621,14654.5
2022-09-14,14665.25,14791.5,14619.5,14761
2022-09-15,14778.5,14806.5,14476.25,14546.25
2022-09-16,14503.75,14504.75,14316.75,14472.25
2022-09-19,14459.25,14605.25,14331,14562.75
2022-09-20,14582.5,14631.25,14367.25,14461
2022-09-21,14486.75,14677.75,14185.75,14248.75
2022-09-22,14202.5,14334.5,14048.75,14104.25
2022-09-23,14118.75,14138.75,13767.5,13915.5
2022-09-26,13901.25,14076.5,13795.25,13855
2022-09-27,13854.75,14106.75,13772.25,13872.5
2022-09-28,13896.25,14151.25,13680.5,14094.5
2022-09-29,14078.75,14105,13630.25,13767
2022-09-30,13763.5,13895.75,13563.25,13574.25
2022-10-03,13567.5,13896.5,13429.25,13824.5
2022-10-04,13853.75,14215,13821.5,14179.5
2022-10-05,14170.75,14249.75,13906.75,14162.5
2022-10-06,14167.5,14268.75,14044.25,14080.5
2022-10-07,14037,14115.75,13582,13640.25
2022-10-10,13605.5,13675.25,13415.5,13523.25
2022-10-11,13527.75,13578.5,13306,13383.75
2022-10-12,13415.25,13515.5,13344.5,13379.25
2022-10-13,13393.75,13681,13023.25,13622.5
2022-10-14,13608.75,13792.5,13265.5,13282.75
2022-10-17,13259.25,13687.75,13243.75,13649
2022-10-18,13700.5,13970.5,13620.25,13737.5
2022-10-19,13862.5,13921.25,13589,13692
2022-10-20,13680.5,13867.75,13546.75,13629.5
2022-10-21,13601.5,13925,13475.75,13897.25
2022-10-24,13932.5,14069.5,13746.5,14017.5
2022-10-25,13998.5,14271.5,13969.25,14252.25
2022-10-26,14058.75,14242.25,13952.25,13984.75
2022-10-27,13961.75,14076.5,13463.25,13774
2022-10-28,13663.25,14165.75,13600.75,14125.75
2022-10-31,14132.25,14138.75,13905.75,13986
2022-11-01,13990.5,14157.75,13827.5,13870.75
2022-11-02,13857.75,13998.5,13447,13483.25
2022-11-03,13483.5,13534.5,13246.75,13266.75
2022-11-04,13263.25,13513,13174.75,13429
2022-11-07,13368,13577.25,13314.5,13553
2022-11-08,13553.25,13770.25,13467,13633
2022-11-09,13617.75,13703.5,13360.75,13369.5
2022-11-10,13380.5,14215.75,13347.75,14171
2022-11-11,14208.75,14415.5,14108.25,14386.75
2022-11-14,14334.75,14437.25,14240.75,14273.5
2022-11-15,14307.75,14657.25,14300.25,14443
2022-11-16,14427.75,14501,14244.75,14278.25
2022-11-17,14312.5,14367,14066.75,14249.25
2022-11-18,14285.25,14382.75,14145.25,14246.75
2022-11-21,14258.75,14294,14092,14126.75
2022-11-22,14126.5,14298,14064.25,14293.25
2022-11-23,14279.75,14431.5,14259,14401.5
2022-11-25,14416.75,14471.5,14305,14321.5
2022-11-28,14274,14327,14113.5,14155
2022-11-29,14164.25,14243,14003.75,14063.5
2022-11-30,14058,14616.5,14036.5,14581
2022-12-01,14613.5,14683.5,14482.5,14601.5
2022-12-02,14577.75,14606.75,14279,14549
2022-12-05,14538.75,14553.75,14284,14344.5
2022-12-06,14351.75,14384.75,14040.75,14104.75
2022-12-07,14107.25,14134.75,13962,14048.25
2022-12-08,14038.75,14224.25,13973,14184.25
2022-12-09,14177.5,14286.75,14055.25,14108.5
2022-12-12,14093.75,14256,14061.75,14250.5
2022-12-13,14240.75,14750.75,14217.75,14379.5
2022-12-14,14378.75,14490.25,14149.5,14289.75
2022-12-15,14309.75,14319,13824.75,13877.75
2022-12-16,13868.75,13912.25,13696.25,13765.5
2022-12-19,13747.75,13831.75,13552.25,13614
2022-12-20,13603,13668,13463.5,13596.5
2022-12-21,13622.25,13810.5,13601.75,13755.25
2022-12-22,13780.5,13805,13291.25,13475
2022-12-23,13474.25,13564,13336.5,13496
2022-12-27,13522.5,13604.75,13316.5,13336.25
2022-12-28,13338.75,13417.25,13179,13193.5
2022-12-29,13207.5,13492.25,13198.25,13453.5
2022-12-30,13453.5,13472.5,13276.25,13443
2023-01-03,13537.75,13602.5,13265,13366.25
2023-01-04,13362.5,13488.75,13284,13420
2023-01-05,13404.5,13467,13225.5,13241
2023-01-06,13258.5,13586.75,13171.75,13534.25
2023-01-09,13549.5,13806.25,13541,13606.25
2023-01-10,13602,13710,13515,13702.75
2023-01-11,13702.5,13900.25,13660.25,13897.25
2023-01-12,13892.5,14000.75,13709.25,13955
2023-01-13,13950.5,14040,13810.25,14028.75
2023-01-17,14033.25,14105.75,13931,14045.25
2023-01-18,14042.75,14180.25,13888.5,13896.5
2023-01-19,13890.75,13907.5,13729.25,13777.25
2023-01-20,13826.25,14106.75,13786,14097.75
2023-01-23,14098.5,14403.75,14071,14354.75
2023-01-24,14353.75,14430.75,14256.5,14330.25
2023-01-25,14393.75,14397.25,14025.25,14294
2023-01-26,14295.75,14534,14288,14527.5
2023-01-27,14471,14728.75,14436.75,14643
2023-01-30,14634,14672.75,14380.75,14388.75
2023-01-31,14405,14576.75,14292,14572.75
2023-02-01,14542,14945.75,14475.75,14835
2023-02-02,14934.75,15370.75,14922,15267.5
2023-02-03,15160.25,15298.5,14971.25,15044.75
2023-02-06,14999,15029.5,14877.25,14936.25
2023-02-07,14937.75,15239.5,14880,15197.5
2023-02-08,15166.75,15229.75,14933.25,14966
2023-02-09,14978,15150.25,14786.75,14846.25
2023-02-10,14866.5,14872.25,14663.75,14767
2023-02-13,14774,14988.5,14685.75,14961.25
2023-02-14,14968.5,15106.5,14811.25,15051.75
2023-02-15,15039.5,15177.5,14945,15150.75
2023-02-16,15164.5,15213.25,14876,14903.25
2023-02-17,14881.75,14884.75,14686.25,14810.75
2023-02-21,14803.75,14838.75,14512.25,14517.5
2023-02-22,14532,14611.5,14455,14518.25
2023-02-23,14596.25,14681.75,14448.75,14628.25
2023-02-24,14612,14635,14343.5,14417.75
2023-02-27,14423,14610.25,14408.5,14504
2023-02-28,14512.75,14594.5,14446.5,14493
2023-03-01,14463.5,14562.75,14345.75,14382.5
2023-03-02,14389.25,14517,14252.25,14482.75
2023-03-03,14471.5,14750.5,14433,14732
2023-03-06,14728.5,14906.5,14696.75,14744.25
2023-03-07,14743.25,14802.5,14563,14589.75
2023-03-08,14595.5,14675.25,14529.25,14649
2023-03-09,14643.75,14774.5,14397.75,14428
2023-03-10,14429.5,14532.75,14217.25,14261
2023-03-13,14308.75,14516.5,14097.75,14352.5
2023-03-14,14378.25,14654,14322.5,14634.5
2023-03-15,14626,14704.5,14390.75,14675.25
2023-03-16,14695.25,15031.5,14611.5,15013
2023-03-17,15007.75,15107.5,14866.5,14942.25
2023-03-20,14986.75,15047.5,14823,14986
2023-03-21,14996.25,15195,14973.75,15164.75
2023-03-22,15171,15379.25,14975,15004.5
2023-03-23,14995.75,15329,14992.5,15151.5
2023-03-24,15169.5,15222.75,15023.5,15187.75
2023-03-27,15213.5,15273.75,15063.25,15086
2023-03-28,15109.5,15131,14932.25,15030
2023-03-29,15044.5,15290.5,15039.5,15262.5
2023-03-30,15262.5,15409.5,15228.75,15379.5
2023-03-31,15377.5,15609,15354,15599.25
2023-04-03,15560,15576.25,15451.75,15567.5
2023-04-04,15559.25,15646.25,15466.25,15516.5
2023-04-05,15529.5,15544.75,15303.5,15377.25
2023-04-06,15372.75,15488.75,15250,15468.25
2023-04-07,15461.75,15488,15423.5,15468.25
2023-04-10,15475.5,15503.75,15265,15455.5
2023-04-11,15466.25,15506.75,15349.25,15372.25
2023-04-12,15373.5,15538.5,15235.5,15249.75
2023-04-13,15252.5,15526,15222.75,15507.25
2023-04-14,15478.5,15552.5,15353.5,15478.75
2023-04-17,15507.5,15515.5,15374.5,15484
2023-04-18,15483.25,15596,15435.75,15490.5
2023-04-19,15471.5,15524.5,15362.5,15480.5
2023-04-20,15463.5,15497.25,15319.5,15371.75
2023-04-21,15387.5,15419.25,15280.25,15388
2023-04-24,15368.75,15431.5,15264.75,15354
2023-04-25,15347.75,15357.25,15098.5,15107
2023-04-26,15227.25,15310,15160.5,15185.25
2023-04-27,15259.5,15629,15233.5,15528.75
2023-04-28,15517.5,15634.25,15466.25,15617.75
2023-05-01,15613.75,15664.75,15556.25,15604.25
2023-05-02,15586,15632,15408.5,15482
2023-05-03,15460.75,15607.5,15377.25,15398.25
2023-05-04,15365.25,15469.5,15299.25,15341.25
2023-05-05,15356.5,15656.25,15353.25,15615.25
2023-05-08,15613,15665.5,15552,15649.75
2023-05-09,15633.5,15644.75,15546.75,15562.25
2023-05-10,15559,15745.5,15499.5,15707
2023-05-11,15706,15769.5,15659,15744
2023-05-12,15741.5,15792.25,15607.5,15693.75
2023-05-15,15676.75,15776.5,15647.5,15765.5
2023-05-16,15764.25,15851.75,15723.75,15780.75
2023-05-17,15798,15966.75,15771.5,15941
2023-05-18,15939,16211.25,15925.75,16191.5
2023-05-19,16205.75,16258,16111.75,16155.5
2023-05-22,16111.25,16244.25,16091.75,16200
2023-05-23,16209,16274.75,16008.5,16026.25
2023-05-24,16029.5,16142.75,15864.25,15947.75
2023-05-25,16168.75,16329,16100.5,16274
2023-05-26,16279.25,16670,16222.25,16630
2023-05-30,16715.75,16867.5,16633.75,16694.25
2023-05-31,16695.5,16727.5,16550,16598
2023-06-01,16587.5,16825.75,16545.5,16769.75
2023-06-02,16792,16925.25,16767.5,16872.75
2023-06-05,16880.25,16992.75,16810.25,16886.25
2023-06-06,16879.5,16921.5,16802.5,16884
2023-06-07,16891,16973,16603,16629
2023-06-08,16616.25,16824.5,16554.5,16800.5
2023-06-09,16816.25,16985.5,16757.75,16853.75
2023-06-12,16859,17124.25,16851.25,17098
2023-06-13,17112,17263,17074,17210.25
2023-06-14,17219.5,17355.25,17087.25,17310.5
2023-06-15,17337.25,17552.25,17177.5,17485.25
2023-06-16,17477.25,17586.75,17370,17379.25
2023-06-20,17413.75,17433,17237.5,17367.75
2023-06-21,17358.25,17384.25,17113.75,17155.25
2023-06-22,17153.25,17349.25,17075.25,17326
2023-06-23,17347.25,17347.75,17096,17169.5
2023-06-26,17169.5,17263.5,16964.75,16967.75
2023-06-27,16986,17251,16973.75,17222.75
2023-06-28,17198.25,17330,17132.5,17241.25
2023-06-29,17271.75,17314,17139.75,17211.5
2023-06-30,17218.25,17487.75,17210,17448.25
2023-07-03,17442.75,17503.25,17418.75,17476
2023-07-05,17467.75,17543,17366.5,17472
2023-07-06,17466.25,17477,17223.25,17349.25
2023-07-07,17325.25,17471,17283.25,17293
2023-07-10,17307,17331,17174.75,17298.25
2023-07-11,17304,17391,17220.25,17371.25
2023-07-12,17371.25,17619,17364.5,17556
2023-07-13,17571,17852.5,17567,17822.75
2023-07-14,17810.75,17968.75,17769.25,17805.5
2023-07-17,17801.5,17998,17772.25,17952
2023-07-18,17938.25,18141.25,17844.75,18086
2023-07-19,18063.25,18173.75,18022.25,18070.5
2023-07-20,18037,18037,17658.75,17703.5
2023-07-21,17705.25,17830.75,17633.5,17651.25
2023-07-24,17667,17729.5,17595.75,17672.5
2023-07-25,17680.5,17847.25,17660.25,17784.25
2023-07-26,17836.5,17850.75,17626.25,17722
2023-07-27,17750.5,18015.25,17623.75,17682.25
2023-07-28,17695.25,18007,17657.75,17958.75
2023-07-31,17960.75,18027.75,17902.5,17968.75
2023-08-01,17978.75,18000.25,17839.25,17928.5
2023-08-02,17880.75,17901.25,17524.5,17584.25
2023-08-03,17563.75,17663.5,17450.5,17550
2023-08-04,17555.25,17721.5,17447.75,17465.25
2023-08-07,17481,17606.5,17445.75,17596.75
2023-08-08,17602,17609.25,17327.5,17465.5
2023-08-09,17462.75,17544,17256.25,17289.5
2023-08-10,17313.5,17553,17247.25,17312.5
2023-08-11,17330,17378,17148.5,17207
2023-08-14,17216.25,17393.5,17131.25,17381.5
2023-08-15,17393,17446.25,17187.25,17217.75
2023-08-16,17224.25,17276.75,17033,17053.5
2023-08-17,17053.75,17129.25,16850,16889.25
2023-08-18,16861.25,16914,16720.5,16855.25
2023-08-21,16874.5,17125,16831.75,17097
2023-08-22,17083.25,17229.75,17042.25,17069.75
2023-08-23,17075.25,17467,17066.5,17306.75
2023-08-24,17452.5,17529,16928,16973.25
2023-08-25,16949.25,17160.25,16864,17090.5
2023-08-28,17103,17238,17084.5,17203.75
2023-08-29,17207.25,17541.25,17161.25,17527
2023-08-30,17535.5,17635.75,17472.5,17612.5
2023-08-31,17623.75,17718,17569.75,17649.75
2023-09-01,17646,17772.5,17564.75,17627.5
2023-09-05,17629,17698.25,17529.75,17645.75
2023-09-06,17623.75,17644,17421.75,17510.75
2023-09-07,17500,17506.75,17268.75,17393.5
2023-09-08,17398.25,17501.75,17334,17408.75
2023-09-11,17419.25,17609.25,17409,17587
2023-09-12,17579.75,17592.75,17396.75,17412.75
2023-09-13,17416.5,17532.75,17319,17465
2023-09-14,17483.75,17627.5,17443.75,17586.25
2023-09-15,17590.25,17632.5,17269.5,17305
2023-09-18,17296.5,17373.5,17243.25,17327.25
2023-09-19,17337.25,17355.25,17161.25,17288
2023-09-20,17291.5,17349.25,17040.5,17064.75
2023-09-21,17045.75,17060.75,16751.25,16775.5
2023-09-22,16762.75,16940,16748.5,16782.25
2023-09-25,16791.75,16868.75,16695.25,16848
2023-09-26,16865.25,16865.25,16579,16627.75
2023-09-27,16639.25,16734,16500,16651.75
2023-09-28,16683.75,16860.75,16569,16772.5
2023-09-29,16789.75,16973.5,16723.75,16779.25
2023-10-02,16875,16959,16737.5,16897.5
2023-10-03,16904.75,16943.75,16564.25,16627.25
2023-10-04,16627.75,16868.5,16502,16836.5
2023-10-05,16817,16871.5,16628.75,16774.5
2023-10-06,16768.75,17073.25,16573,17024.75
2023-10-09,16988.75,17125.5,16862,17099.75
2023-10-10,17111.75,17296.25,17085.75,17183.5
2023-10-11,17191.5,17330.25,17165.75,17292.75
2023-10-12,17321,17382.25,17129,17227.75
2023-10-13,17238.75,17279.75,16974.75,17033
2023-10-16,17032.5,17250.75,16995.75,17202.25
2023-10-17,17217.5,17222,16962.75,17153.5
2023-10-18,17155.75,17155.75,16891.75,16938
2023-10-19,16960.75,17050.75,16752,16802.75
2023-10-20,16763,16800.5,16557.75,16576.75
2023-10-23,16591.5,16767,16427,16624.75
2023-10-24,16658.75,16862.75,16618.5,16759.25
2023-10-25,16744.25,16767.25,16352.75,16391
2023-10-26,16343.5,16372,16049.25,16106.75
2023-10-27,16156.75,16320.25,16122.25,16178
2023-10-30,16241.75,16389,16215,16329.25
2023-10-31,16324.75,16416.25,16224,16403
2023-11-01,16370.75,16674.75,16323.75,16657.25
2023-11-02,16672.75,16928.5,16672.5,16910.75
2023-11-03,16844,17141.25,16837,17091.5
2023-11-06,17099.75,17170.25,17050.75,17145.25
2023-11-07,17129.5,17325.5,17088.5,17287
2023-11-08,17284.75,17330.5,17199.25,17299.25
2023-11-09,17272.75,17366,17149.5,17168.75
2023-11-10,17167.5,17529,17119.75,17509
2023-11-13,17498.5,17513.75,17378,17459.75
2023-11-14,17472.25,17831.5,17464.5,17792.5
2023-11-15,17807,17961.75,17744.75,17802
2023-11-16,17756.75,17820,17710.5,17810.25
2023-11-17,17811,17852.75,17737.25,17808.5
2023-11-20,17804,18029.5,17750.25,17999.25
2023-11-21,18002.5,18035.25,17824.75,17903
2023-11-22,17882.75,18086,17855.25,17962
2023-11-24,17952.5,17999.5,17894.5,17933.75
2023-11-27,17921.25,18001.75,17851.5,17921.5
2023-11-28,17916.75,17984.25,17857.75,17960.75
2023-11-29,17967.5,18120.5,17926.25,17936.5
2023-11-30,17954.25,18010.75,17768.5,17898.25
2023-12-01,17867.75,17962.75,17777.25,17936.5
2023-12-04,17934.5,17939.75,17634,17781.75
2023-12-05,17773.5,17874.5,17674,17821.5
2023-12-06,17811.5,17951.75,17714.75,17728
2023-12-07,17729,17978.5,17704,17951.5
2023-12-08,17931.25,18031.75,17802.75,18011
2023-12-11,18004.75,18162.5,17957.25,18149.75
2023-12-12,18153.25,18300,18096.25,18275.25
2023-12-13,18297.25,18505.75,18275.75,18477
2023-12-14,18473.75,18585.25,18327,18452.75
2023-12-15,18439.75,18587,18432,18520
2023-12-18,18520,18674,18502,18639.5
2023-12-19,18619.75,18729.25,18610.75,18722.75
2023-12-20,18722.75,18773.25,18457,18466
2023-12-21,18493.5,18671,18489.75,18656.25
2023-12-22,18654.25,18741,18591.25,18679.75
2023-12-26,18663.25,18811.25,18663.25,18783.25
2023-12-27,18784.75,18832,18755.25,18813
2023-12-28,18828.75,18865.25,18777.75,18790.25
2023-12-29,18789.5,18830.25,18637.5,18723.25
2024-01-02,18718.5,18738.25,18321.75,18419.75
2024-01-03,18439.75,18439.75,18222,18237.75
2024-01-04,18243,18287,18135.5,18144.75
2024-01-05,18153.75,18276.75,18034,18160
2024-01-08,18172,18511.25,18078,18503.5
2024-01-09,18489.75,18568.25,18358.25,18530
2024-01-10,18529.25,18683,18501.5,18645
2024-01-11,18655.25,18755.75,18452.75,18666
2024-01-12,18657.75,18742.25,18566,18669
2024-01-16,18661.75,18733.75,18511.75,18666.25
2024-01-17,18679.25,18681,18388.75,18569.5
2024-01-18,18559.25,18825.75,18533.5,18809.75
2024-01-19,18817.5,19171.75,18807,19138.25
2024-01-22,19165.5,19284.5,19134,19158.25
2024-01-23,19156.75,19258,19109,19231
2024-01-24,19251.25,19493.75,19251.25,19320.75
2024-01-25,19318.5,19451.75,19241.5,19334.25
2024-01-26,19274,19331,19165.5,19226.75
2024-01-29,19202.25,19416,19156,19405.75
2024-01-30,19407.75,19435.5,19166.25,19288.25
2024-01-31,19127.25,19183.5,18921.5,18942
2024-02-01,18974.75,19345.25,18962.5,19136.5
2024-02-02,19291.75,19475.25,19165.5,19432.5
2024-02-05,19395,19444.75,19253.5,19399.75
2024-02-06,19401.75,19468,19260.5,19359.75
2024-02-07,19347.75,19575.75,19329.25,19541.5
2024-02-08,19550.75,19596.25,19491.25,19568
2024-02-09,19557,19770.75,19551.5,19739
2024-02-12,19739,19821.25,19610.75,19664.75
2024-02-13,19629.5,19663.25,19246,19376.5
2024-02-14,19402.75,19586.75,19369,19580.75
2024-02-15,19573,19668.25,19480,19612.5
2024-02-16,19649,19726,19413.5,19443.75
2024-02-20,19428.25,19507,19152.25,19307
2024-02-21,19274.5,19415.25,19072.75,19236.5
2024-02-22,19403.75,19786.75,19375.25,19747.25
2024-02-23,19725,19844.75,19645.75,19690.75
2024-02-26,19662.5,19759.5,19621.75,19676.75
2024-02-27,19653.5,19740.25,19608.25,19720.75
2024-02-28,19713.75,19719.5,19546,19615
2024-02-29,19568,19808.75,19526,19782.5
2024-03-01,19771.25,20072.25,19730,20038
2024-03-04,20034.75,20078,19933.25,19961.75
2024-03-05,19948.25,19953.75,19532.25,19630
2024-03-06,19681.75,19874,19642.25,19744
2024-03-07,19739.75,20059.75,19615.25,20016
2024-03-08,19974.75,20136,19712,19746.5
2024-03-11,19757.75,19760,19589.75,19670.75
2024-03-12,19710.75,19945.5,19628.5,19931.75
2024-03-13,19925,19961.25,19736,19783
2024-03-14,19795.75,19882.75,19615.75,19726.25
2024-03-15,19705.5,19777.5,19460.75,19513.25
2024-03-18,19527.25,19835.25,19516.75,19686
2024-03-19,19678.5,19744,19507.75,19724.5
2024-03-20,19729.5,20000,19682,19934.25
2024-03-21,19991.5,20163,19981,20016.25
2024-03-22,20034,20080.5,19947.25,20029.25
2024-03-25,20021.25,20055.75,19869.5,19968
2024-03-26,19988.5,20073.25,19893.75,19903.5
2024-03-27,19932.5,20026.75,19833,19958.25
2024-03-28,19960.5,19993.75,19901.75,19929.5
2024-04-01,19954.5,20066.25,19869,19951.75
2024-04-02,19952.25,19968.5,19655.5,19784.5
2024-04-03,19802.25,19906.5,19687.25,19827.75
2024-04-04,19843.5,20022.75,19509.5,19531.25
2024-04-05,19542.5,19862.25,19498,19755.25
2024-04-08,19801,19832,19692.25,19749.5
2024-04-09,19771.5,19862,19614.75,19814.25
2024-04-10,19838.5,19924.5,19508.5,19651.25
2024-04-11,19645.25,19973.75,19539.5,19939.5
2024-04-12,19940,19962.25,19574.5,19633.75
2024-04-15,19606.25,19805.5,19296,19330.75
2024-04-16,19336.5,19442.5,19245.75,19335.75
2024-04-17,19352.25,19422.75,19070.5,19113
2024-04-18,19128.5,19225.5,18959.5,19001.75
2024-04-19,18984.5,19007,18568.25,18635.25
2024-04-22,18682.75,18902.5,18603.25,18804.5
2024-04-23,18804.5,19121.25,18740,19061.25
2024-04-24,19134.75,19250.25,18934.5,19119
2024-04-25,18906,19282.25,18762.5,19022
2024-04-26,19265.5,19355.75,19122.75,19300.25
2024-04-29,19319,19403.5,19245.75,19358.75
2024-04-30,19367.25,19375.5,18927.75,19025.75
2024-05-01,18926,19246.25,18853.5,18892.75
2024-05-02,18938.5,19209.75,18840.5,19104.25
2024-05-03,19199.5,19504.5,19173.5,19455.25
2024-05-06,19501.25,19656.25,19438.25,19650
2024-05-07,19639.25,19722.25,19605.25,19654
2024-05-08,19649.5,19696.75,19527,19641
2024-05-09,19618.5,19694.5,19558.75,19669
2024-05-10,19676.5,19802.5,19642.75,19709.5
2024-05-13,19692,19791.25,19683.5,19750
2024-05-14,19739.25,19888.25,19622,19869.5
2024-05-15,19865.5,20161.25,19847.25,20146.25
2024-05-16,20149,20215.25,20087.5,20104.5
2024-05-17,20094.5,20141,19999.5,20089.75
2024-05-20,20088.25,20249,20086,20217.5
2024-05-21,20202.25,20263.25,20132.5,20253.75
2024-05-22,20253.5,20346.5,20138.5,20241.25
2024-05-23,20308.5,20477,20076,20150.75
2024-05-24,20140.25,20380.5,20132.5,20330.5
2024-05-28,20329.5,20435,20274,20395
2024-05-29,20404.5,20405.5,20194.25,20257.25
2024-05-30,20208.5,20241.5,20002.5,20061
2024-05-31,20045.5,20122.5,19695.75,20045.5
2024-06-03,20043.75,20210,19890.5,20100.75
2024-06-04,20117.5,20207.75,19965.75,20155.5
2024-06-05,20168.25,20545.5,20150,20528.75
2024-06-06,20542.5,20578.75,20472.25,20514.75
2024-06-07,20522.5,20609.75,20394.5,20492.25
2024-06-10,20480.75,20584.25,20427.75,20564.25
2024-06-11,20560.5,20712.25,20449.25,20696.75
2024-06-12,20704.5,21066.5,20686.5,20951
2024-06-13,21058,21144.5,20954.5,21057
2024-06-14,21057,21154.5,20956,21140
2024-06-17,21149.25,21466,21098.5,21387.25
2024-06-18,21380.5,21464.5,21321.5,21390.75
2024-06-20,21398.5,21566,21153,21226
2024-06-21,21238.5,21280,21108.5,21177.25
2024-06-24,21208.75,21224.5,20922.5,20945.25
2024-06-25,20953,21175.5,20919.75,21166.75
2024-06-26,21166.5,21265,21095.5,21207
2024-06-27,21145.5,21311,21068,21234
2024-06-28,21261.25,21467.75,21100.5,21121.75
2024-07-01,21165.75,21268.5,21006,21246.5
2024-07-02,21242.5,21454,21104.25,21449.75
2024-07-03,21438,21630,21399.5,21606
2024-07-05,21614.5,21834.25,21555.5,21815.25
2024-07-08,21785.5,21882.75,21773.75,21854.25
2024-07-09,21875,21966.25,21810.5,21873
2024-07-10,21882.25,22112,21876.5,22094.25
2024-07-11,22089.25,22178,21570.75,21636.25
2024-07-12,21625.25,21935.5,21526.75,21718.5
2024-07-15,21773.25,21991,21700.75,21778.25
2024-07-16,21819.5,21878.5,21658.5,21792.5
2024-07-17,21786.5,21792.25,21160.25,21192
2024-07-18,21218.75,21357.25,20953.25,21093.75
2024-07-19,21144.5,21174,20848.5,20907.5
2024-07-22,20942.25,21238.75,20913.25,21195.5
2024-07-23,21176.5,21279.5,21062.75,21119.5
2024-07-24,21081.25,21081.25,20361,20397.75
2024-07-25,20452.5,20585,20078,20186.75
2024-07-26,20194.75,20493.5,20189.25,20369
2024-07-29,20367.25,20571.75,20307.5,20403.75
2024-07-30,20414.5,20513.75,19921.25,20130.75
2024-07-31,20064.5,20839.75,20056.5,20699.75
2024-08-01,20782.5,20911.25,20046.75,20217.75
2024-08-02,20155.5,20176,19580.25,19750.75
2024-08-05,19586.25,19588.5,18540.5,19207.75
2024-08-06,19359,19677.5,19155.75,19373.5
2024-08-07,19234.75,19753,19028.75,19161
2024-08-08,19075.75,19789,18939.5,19719.75
2024-08-09,19746.25,19869.25,19577.5,19810.5
2024-08-12,19786.25,19960,19709,19834
2024-08-13,19838.5,20316.25,19823.25,20298.75
2024-08-14,20294.5,20398.25,20120,20309.5
2024-08-15,20342.75,20798,20294.75,20775.75
2024-08-16,20763.5,20877.5,20639.75,20800.25
2024-08-19,20822.75,21067.25,20719.5,21052.25
2024-08-20,21048.5,21125.25,20937.5,21004
2024-08-21,20999.5,21176.5,20965.75,21104
2024-08-22,21112.25,21220.25,20736.5,20772.75
2024-08-23,20815.75,21097.75,20786.5,20985.25
2024-08-26,20982.5,21040.75,20701,20785.75
2024-08-27,20749.75,20889,20636.25,20848.25
2024-08-28,20832.5,20884.5,20421.5,20610.25
2024-08-29,20435.25,20886.5,20333.5,20587.75
2024-08-30,20643.5,20827.5,20564.5,20817.5
2024-09-03,20794.5,20877.5,20105.5,20201
2024-09-04,20185.5,20309.5,20018.75,20157
2024-09-05,20163,20344.75,20022.5,20158
2024-09-06,20114.5,20167,19531.75,19652.75
2024-09-09,19594,19929.5,19581.25,19886.75
2024-09-10,19918.25,20071.25,19777,20058.5
2024-09-11,20036.25,20488,19742.25,20465.5
2024-09-12,20440.5,20677.75,20379.75,20641.75
2024-09-13,20604.5,20771.5,20590.5,20724.75
2024-09-16,20692.75,20741.25,20493.5,20627.5
2024-09-17,20620.25,20812.75,20536.75,20638
2024-09-18,20648.75,20862,20523,20542.75
2024-09-19,20608.25,21165.25,20597.75,21050.25
2024-09-20,21032.25,21046.25,20822.25,20990.5
2024-09-23,21001.25,21126.25,20917.25,21042.25
2024-09-24,21027.5,21177,20914.25,21130
2024-09-25,21146.5,21235,21026,21154.25
2024-09-26,21204,21500,21150.25,21308.5
2024-09-27,21306.75,21358.25,21135.25,21183.75
2024-09-30,21160.5,21249,21019.75,21223.5
2024-10-01,21194.25,21293.75,20780.25,20937.25
2024-10-02,20934.25,21051.75,20795.75,20972
2024-10-03,21018.75,21077.25,20813.25,20952.5
2024-10-04,20934,21225.25,20903.5,21189.5
2024-10-07,21181.25,21230.25,20910.25,20955
2024-10-08,20994.25,21291.75,20864.75,21260.75
2024-10-09,21260.25,21444.5,21157.75,21425.75
2024-10-10,21410,21470.25,21263.5,21392
2024-10-11,21403.75,21456.75,21275.5,21412.25
2024-10-14,21396,21642.25,21344.75,21581.5
2024-10-15,21599.75,21621.5,21216.25,21304.25
2024-10-16,21302.25,21359.75,21167.5,21311.75
2024-10-17,21294.25,21556.75,21239,21330.25
2024-10-18,21347.75,21494.25,21283.25,21445.75
2024-10-21,21458,21516.5,21304.75,21481.75
2024-10-22,21480.5,21564.25,21322.5,21504.25
2024-10-23,21485,21504.75,21041.25,21182.75
2024-10-24,21261.75,21390.25,21222.75,21342.5
2024-10-25,21347.25,21669.75,21325.5,21461
2024-10-28,21486.25,21639,21448.25,21459.25
2024-10-29,21470.25,21722.5,21394.25,21658.75
2024-10-30,21687.25,21752,21433.25,21497
2024-10-31,21448.25,21458.75,20970,20984
2024-11-01,21027.5,21249.5,20980,21115.5
2024-11-04,21104,21211.25,20975.5,21048.25
2024-11-05,21090.25,21348.25,21004,21304
2024-11-06,21327.25,21898,21285.75,21856.25
2024-11-07,21886.5,22215.75,21823,22187
2024-11-08,22187.25,22228.75,22083.75,22193.5
2024-11-11,22204.25,22302.75,22060.5,22180
2024-11-12,22180.25,22214.5,22017,22151.75
2024-11-13,22142.75,22231,22019.75,22121.75
2024-11-14,22128.25,22153.5,21912.75,21974
2024-11-15,21942.25,21943.25,21367.5,21456
2024-11-18,21467,21686.75,21438.5,21595.75
2024-11-19,21596.5,21754.75,21344.25,21730
2024-11-20,21728.25,21805.75,21439.5,21711.25
2024-11-21,21701.5,21869.25,21476.25,21791.75
2024-11-22,21766.25,21842.75,21655.25,21812
2024-11-25,21871.25,22043.5,21742.5,21842.5
2024-11-26,21872.25,21987.25,21717.5,21955.75
2024-11-27,21960.5,21981.5,21637.25,21775.25
2024-11-29,21777,21980.25,21768,21955.75
2024-12-02,21956.75,22221.75,21902,22180.25
2024-12-03,22177.25,22291,22097,22243.75
2024-12-04,22283.5,22512.25,22267.75,22498.75
2024-12-05,22473.25,22530,22399.5,22435.5
2024-12-06,22411.5,22631.75,22386.25,22619
2024-12-09,22611,22668.75,22399.25,22446
2024-12-10,22442.25,22569,22315,22367.5
2024-12-11,22400.5,22782,22368,22755.75
2024-12-12,22719,22735,22564.5,22613.5
2024-12-13,22662.75,22870.25,22629,22758
2024-12-16,22747.5,23114.75,22724.5,23072.5
2024-12-17,23075,23091,22908.75,22979
2024-12-18,22970.5,23052,21974.75,22166.25
2024-12-19,22163.5,22362.5,22009.5,22043.5
2024-12-20,22094.25,22477,21671.5,22231
2024-12-23,22231,22441.5,22140.5,22417.75
2024-12-24,22403.25,22714.5,22373,22693
2024-12-26,22714.5,22775.5,22535,22672.5
2024-12-27,22648.5,22673.25,22162.75,22363
2024-12-30,22375.25,22407,21917.25,22080.75
2024-12-31,22055.75,22189.25,21846.25,21891
2025-01-02,21937.75,22155.25,21647.75,21832
2025-01-03,21856,22223.75,21808.75,22181
2025-01-06,22196.5,22561.5,22143.25,22409
2025-01-07,22445.5,22470.75,21944,22024.25
2025-01-08,22050.75,22112.75,21830.5,22025.25
2025-01-09,22013.25,22013.25,21882,21966.25
2025-01-10,21966.5,22037,21539.25,21680.5
2025-01-13,21692,21701.5,21358,21611.75
2025-01-14,21684.5,21808.25,21437.75,21584
2025-01-15,21640.25,22117.25,21573.25,22064.75
2025-01-16,22050.75,22231.25,21836.25,21914.25
2025-01-17,21889.5,22344.5,21873.25,22259.25
2025-01-21,22265.5,22449.5,22034.75,22374
2025-01-22,22464.5,22758.5,22433.5,22665
2025-01-23,22647,22715.75,22520,22702.75
2025-01-24,22682.5,22742.5,22507.75,22575.75
2025-01-27,22438.25,22438.5,21428.25,21923
2025-01-28,22004.5,22290.5,21825.25,22246.25
2025-01-29,22222.5,22361.75,22032.5,22187.75
2025-01-30,22220.25,22413.25,22083.5,22289.25
2025-01-31,22348.5,22630.25,22196,22253.75
2025-02-03,21944.75,22242.25,21604.75,22069.5
2025-02-04,22256.75,22359.25,21905.25,22334.75
2025-02-05,22230.5,22460,22093.5,22427.5
2025-02-06,22432.5,22546.5,22370.5,22536.25
2025-02-07,22484.25,22632.25,22217.5,22255.25
2025-02-10,22129.25,22558.25,22079.5,22511
2025-02-11,22496.5,22535.75,22334,22451.25
2025-02-12,22466.5,22527.25,22174.5,22469.25
2025-02-13,22529.5,22788.25,22417.25,22777.75
2025-02-14,22737,22888.5,22707,22860.75
2025-02-18,22902.5,22984.5,22767.5,22896.75
2025-02-19,22891.5,22964.25,22782.5,22915
2025-02-20,22879.5,22899.5,22615.25,22806.25
2025-02-21,22799.25,22910.25,22316.75,22343.75
2025-02-24,22365.25,22477.5,22071.75,22084.75
2025-02-25,22104.75,22117.75,21655,21813.5
2025-02-26,21889.5,22074.25,21729.25,21851.5
2025-02-27,21915.25,22051,21247,21270.25
2025-02-28,21314,21608.75,21124.75,21584
2025-03-03,21664.5,21785.25,20982,21132.75
2025-03-04,21189.5,21397.5,20740.25,21063.5
2025-03-05,21217.75,21390,20879.5,21329.5
2025-03-06,21272.5,21313,20667.25,20753.75
2025-03-07,20876.5,20951.25,20430.5,20894.25
2025-03-10,20814,20820.5,19936.25,20117.25
2025-03-11,20103.5,20352,19804.5,20063.5
2025-03-12,20076.5,20453.25,20051.5,20283
2025-03-13,20239.5,20358.25,19830,19913.5
2025-03-14,19974.5,20407.25,19962.75,20376.5
2025-03-17,20334,20623.75,20215.5,20496.25
2025-03-18,20496.75,20524.5,20062.25,20159.75
2025-03-19,20159.75,20600.25,20116.75,20409
2025-03-20,20412,20563,20192.5,20337.25
2025-03-21,20356.5,20435.75,20060.5,20419
2025-03-24,20510.25,20867.25,20506,20832.25
2025-03-25,20816.25,20982.75,20750,20946.5
2025-03-26,20971,20994.75,20499.25,20574.5
2025-03-27,20515.5,20657,20395.75,20448.25
2025-03-28,20456.25,20469.25,19818.75,19915
2025-03-31,19775.75,19947.5,19434.75,19897.5
2025-04-01,19871,20101.25,19719.25,20062.5
2025-04-02,20055.75,20503.25,19534.25,20216
2025-04-03,19481.5,19634.75,19072,19133.5
2025-04-04,19114.5,19171.25,17845,17997
2025-04-07,17584.25,18818.25,16910.5,18021.25
2025-04-08,18108.25,18815.25,17430,17701.75
2025-04-09,17684,19846,17193,19746.75
2025-04-10,19724,19842.5,18376.25,18942.5
2025-04-11,18928,19331.25,18529.75,19265.5
2025-04-14,19621.75,19713.75,19196.5,19392.75
2025-04-15,19361.75,19602.75,19267.75,19418.25
2025-04-16,19268,19319,18574.25,18843.25
2025-04-17,18839,19110,18719.25,18838.75
2025-04-21,18765.5,18842.75,18158,18380.25
2025-04-22,18370,18971.5,18321.75,18843
2025-04-23,19076.25,19623.75,19076.25,19262
2025-04-24,19290,19875,19053,19780
2025-04-25,19854.75,20048,19673.25,19993.25
2025-04-28,19982.5,20080.75,19715.75,19986
2025-04-29,19937.75,20150.5,19837.25,20100
2025-04-30,20053,20336.5,19560.25,20116.5
2025-05-01,20293,20583.25,20214,20328.75
2025-05-02,20239.75,20735,20206.25,20653.25
2025-05-05,20640,20658,20424.25,20513.5
2025-05-06,20467.75,20495.5,20196.25,20334.5
2025-05-07,20270.5,20594.25,20136.5,20419
2025-05-08,20393.5,20795.5,20368.25,20606
2025-05-09,20622,20748,20515.5,20594.75
2025-05-12,20831.75,21454,20831.75,21406.75
2025-05-13,21415.5,21805,21276.25,21736
2025-05-14,21706.25,21877.75,21695,21850.5
2025-05-15,21840,21987.75,21650.25,21858.25
2025-05-16,21855.25,21971,21778,21964
2025-05-19,21771.5,22003.5,21570.25,21985
2025-05-20,21974.75,22020.25,21756,21905.25
2025-05-21,21871.75,22016.5,21529.75,21614.75
2025-05-22,21605.5,21795.75,21497.25,21636.25
2025-05-23,21680,21694.25,21185.5,21433
2025-05-27,21436.75,21946.25,21413.25,21918.5
2025-05-28,21936.5,22022.75,21778,21837.75
2025-05-29,21976,22316.75,21759,21866.5
2025-05-30,21828.75,21891.25,21529.5,21834.75
2025-06-02,21762.5,22034.75,21621,21992.5
2025-06-03,22009.75,22217.75,21856.25,22164
2025-06-04,22143.75,22260.75,22099,22224.5
2025-06-05,22203.25,22394.25,21961.5,22040.25
2025-06-06,21945.5,22338,21929,22247.5
2025-06-09,22257.25,22350.5,22174.5,22279.5
2025-06-10,22280,22450.25,22190,22420.5
2025-06-11,22408.75,22552,22248.25,22345.5
2025-06-12,22329,22435.5,22174.5,22390.5
2025-06-13,22369,22378,21928.5,22102.25
2025-06-16,22025.5,22466,21963.5,22409.75
2025-06-17,22405,22419,22149.5,22197.5
2025-06-18,22179,22340.25,22104.25,22186.75
2025-06-20,22201.75,22372.25,21891.75,22086.25
2025-06-23,21889.75,22334.5,21803.5,22315
2025-06-24,22318.75,22689.25,22306,22654.25
2025-06-25,22652.25,22789.75,22626.5,22702.5
2025-06-26,22707.5,22934.25,22679.5,22910.75
2025-06-27,22918,23065.25,22841.5,22993
2025-06-30,22992.75,23175.5,22991.5,23134.75
2025-07-01,23108.25,23156.5,22835.25,22934.25
2025-07-02,22938,23100.25,22826.25,23084.5
2025-07-03,23088.25,23342.75,23068.5,23304
2025-07-07,23210,23268.75,23021.75,23126.25
2025-07-08,23081.75,23213.5,23051,23138.25
2025-07-09,23150.5,23352.75,23084.75,23294.25
2025-07-10,23284.75,23331.25,23142.5,23254.75
2025-07-11,23252.25,23290.25,23072.25,23200.5
2025-07-14,23106,23309.25,23043.75,23277
2025-07-15,23278,23464.25,23237.75,23298.25
2025-07-16,23260.25,23341.5,23077.25,23318
2025-07-17,23310.75,23522.5,23258.5,23492.5
2025-07-18,23501.5,23562,23411.5,23465.75
2025-07-21,23481.5,23666.5,23446,23583.5
2025-07-22,23579.5,23609.25,23346.5,23467.75
2025-07-23,23431.5,23658,23384,23552.25
2025-07-24,23642.5,23666.5,23540,23619
2025-07-25,23632.75,23718.5,23571.75,23662.75
2025-07-28,23757.5,23826.5,23678.5,23732.75
2025-07-29,23746.75,23893.75,23663.5,23693.5
2025-07-30,23693,23929.5,23596.5,23722
2025-07-31,23939.5,24089.5,23528,23606.5
2025-08-01,23565,23589,23029.75,23125.25
2025-08-04,23092,23595.25,23063.5,23538
2025-08-05,23594,23645.75,23323.5,23373.5
2025-08-06,23333.5,23686.25,23286.75,23664.25
2025-08-07,23658.25,23912.75,23571.5,23737.75
2025-08-08,23761,24010,23744.75,23955.25
2025-08-11,24008.75,24046,23828.5,23879
2025-08-12,23873.5,24194,23837.5,24179.5
2025-08-13,24188.75,24310.5,24127.5,24188
2025-08-14,24171.5,24247,24034.75,24172
2025-08-15,24132.75,24204.25,23976.25,24045.5
2025-08-18,24036.5,24123.5,23960.25,24039.25
2025-08-19,24040.5,24081.25,23666.75,23711
2025-08-20,23697.5,23730.5,23276.75,23565.5
2025-08-21,23563.5,23611,23361,23461.25
2025-08-22,23469.5,23891.5,23315.75,23811.25
2025-08-25,23841.5,23858.25,23686.5,23739.75
2025-08-26,23751.75,23852.5,23612.75,23833
2025-08-27,23848.75,23926.5,23670.5,23870.25
2025-08-28,23784.5,24045.25,23728.25,24010.5
2025-08-29,24002.5,24004.25,23643,23703.25
2025-09-02,23720,23796.75,23266.5,23516.5
2025-09-03,23623,23767.5,23541.25,23690.25
2025-09-04,23697.5,23950.5,23651.5,23909.5
2025-09-05,23935.5,24144,23746.5,23925.5
2025-09-08,23918,24129.5,23892,24041.25
2025-09-09,24041.25,24159.5,23968,24115.5
2025-09-10,24141.75,24282.5,24026.5,24119.25
2025-09-11,24098.25,24290.25,24086.5,24259.25
2025-09-12,24269.5,24400.5,24210.25,24354.75
2025-09-15,24353.75,24557.25,24317,24550.75
2025-09-16,24536,24646.75,24499,24522.25
2025-09-17,24531,24553,24241.75,24465.25
2025-09-18,24504,24815.75,24492.5,24705.5
2025-09-19,24715,24888,24655,24866.25
2025-09-22,24851.5,25027.25,24748.5,25003
2025-09-23,24999.75,25026.25,24779.25,24827.25
2025-09-24,24839.75,24913.25,24628,24739.25
2025-09-25,24747,24792.5,24422,24629.25
2025-09-26,24640,24747.25,24520,24726.75
2025-09-29,24727.25,24975,24723.75,24837.75
2025-09-30,24812,24913.75,24722.5,24901.75
2025-10-01,24844.5,25037,24633.75,25017.5
2025-10-02,25009.5,25180,24993.75,25110
2025-10-03,25105,25197,24923,24992
2025-10-06,24994,25253,24994,25184.75
2025-10-07,25184,25274.75,24985.25,25039.25
2025-10-08,25055,25364.75,25026.25,25331
2025-10-09,25354.5,25393,25160.75,25289.25
2025-10-10,25284.75,25388,24157.75,24397
2025-10-13,24482,24965,24482,24922.25
2025-10-14,24905,25044.5,24423.25,24762.5
2025-10-15,24752.5,25117.75,24663.5,24924.5
2025-10-16,24939,25179.75,24643.25,24831.25
2025-10-17,24793.75,25054.25,24410.25,24986.5
2025-10-20,25067,25355,24956,25305.25
2025-10-21,25326.25,25368,25203,25294.75
2025-10-22,25277,25338.5,24805.25,25039.25
2025-10-23,25014.75,25295,24933.25,25254
2025-10-24,25285,25569,25275.5,25509.25
2025-10-27,25698.5,26026,25698.5,25963.75
2025-10-28,26002.5,26232,25942.25,26163.5
2025-10-29,26180.25,26378.5,26047.5,26262.5
2025-10-30,26160.5,26399.5,25853,25882.75
2025-10-31,26156,26264.25,26127.25,26264