time,open,high,low,close,Fractal High,Fractal Low,Chars,Chars,Chars,Chars,Chars,Chars,Chars
1761730200,6932.5,6935,6930.75,6933.75,0,1,0,0,0,0,0,0,0
1761731100,6933.75,6936.25,6932.75,6936,0,0,0,0,0,0,0,0,0
1761732000,6936,6938.5,6934.25,6937.5,0,0,0,0,0,0,0,0,0
1761732900,6937.75,6940.5,6937,6939.5,0,0,0,0,0,0,0,0,0
1761733800,6939.75,6940.75,6938.5,6939,0,0,0,0,0,0,0,0,0
1761734700,6938.75,6942.5,6938.25,6938.75,0,0,0,0,0,0,0,0,0
1761735600,6938.5,6943.75,6937,6943.5,0,1,0,0,0,0,0,0,0
1761736500,6943.25,6946.75,6942,6946.25,0,0,0,0,0,0,0,0,0
1761737400,6946,6948.75,6945,6947.5,1,0,0,0,0,0,0,0,0
1761738300,6947.5,6947.75,6942.5,6943,0,0,0,0,0,0,0,0,0
1761739200,6943,6945.25,6942.5,6944.5,0,0,0,0,0,0,0,0,0
1761740100,6944.5,6946,6940.5,6941.25,1,0,0,0,0,0,0,0,0
1761741000,6941,6942.25,6937.5,6938.5,0,1,0,0,0,0,0,0,0
1761741900,6938.5,6943.5,6938.25,6942,0,0,0,0,0,0,0,0,0
1761742800,6942,6945,6941.25,6944,0,0,0,0,0,0,0,0,0
1761743700,6944,6945.25,6941.5,6942,0,0,0,0,0,0,0,0,0
1761744600,6942,6947.5,6936.25,6947.25,0,1,0,0,0,0,0,0,0
1761745500,6947.5,6952,6942,6950.75,0,0,0,0,0,0,0,0,0
1761746400,6951,6952,6939.25,6942.75,1,1,0,0,0,0,0,0,0
1761747300,6942.75,6945.25,6940,6944.75,0,0,0,0,0,0,0,0,0
1761748200,6944.5,6946,6936.5,6937.5,1,0,0,0,0,0,0,0,0
1761749100,6937.5,6940.5,6932.5,6938,0,1,0,0,0,0,0,0,0
1761750000,6938.25,6940.25,6935,6938.25,0,0,0,0,0,0,0,0,0
1761750900,6938.25,6942.75,6935.75,6937.5,1,0,0,0,0,0,0,0,0
1761751800,6937.5,6938.25,6933.25,6936.75,0,0,0,0,0,0,0,0,0
1761752700,6936.5,6938.25,6932.75,6934.75,0,0,0,0,0,0,0,0,0
1761753600,6934.75,6936,6930,6934.75,0,1,0,0,0,0,0,0,0
1761754500,6934.5,6940,6934.25,6939.25,0,0,0,0,0,0,0,0,0
1761755400,6939.25,6941,6937.5,6939.5,0,0,0,0,0,0,0,0,0
1761756300,6939.75,6942.5,6937.75,6940,1,0,0,0,0,0,0,0,0
1761757200,6940,6941,6937.25,6940.5,0,0,0,0,0,0,0,0,0
1761758100,6940.5,6942.5,6931.5,6933.75,1,0,0,0,0,0,0,0,0
1761759000,6933.5,6936,6930.25,6935.5,0,1,0,0,0,0,0,0,0
1761759900,6935.5,6940,6933,6934.25,0,0,0,0,0,0,0,0,0
1761760800,6934,6945,6927.5,6930.75,1,1,0,0,0,0,0,0,0
1761761700,6930.75,6937.25,6928,6935,0,0,0,0,0,0,0,0,0
1761762600,6935,6942,6882.5,6886.75,1,1,0,0,0,0,0,0,0
1761763500,6886.75,6923.75,6885.25,6915,0,0,0,0,0,0,0,0,0
1761764400,6914.75,6923.25,6898.75,6914.75,0,0,0,0,0,0,0,0,0
1761765300,6915,6922,6904,6908.75,0,0,0,0,0,0,0,0,0
1761766200,6908.5,6912.25,6894.75,6909.25,0,1,0,0,0,0,0,0,0
1761767100,6909.5,6929.25,6909,6928,0,0,0,0,0,0,0,0,0
1761768000,6928,6946.75,6905.25,6921.5,1,1,0,0,0,0,0,0,0
1761768900,6921.25,6928.5,6911.75,6924.5,0,0,0,0,0,0,0,0,0
1761769800,6924.25,6929,6919.25,6928,0,0,0,0,0,0,0,0,0
1761770700,6928.25,6929.5,6917.5,6918.25,1,0,0,0,0,0,0,0,0
1761775200,6908,6922,6902.25,6914.25,0,1,0,0,0,0,0,0,0
1761776100,6914.75,6916.25,6908,6908,0,0,0,0,0,0,0,0,0
1761777000,6908.25,6916,6908.25,6913.75,0,0,0,0,0,0,0,0,0
1761777900,6913.75,6916,6912,6913,0,0,0,0,0,0,0,0,0
1761778800,6913.25,6915.5,6911,6912.75,0,1,0,0,0,0,0,0,0
1761779700,6912.75,6921.25,6912.5,6919.75,1,0,0,0,0,0,0,0,0
1761780600,6919.75,6920,6908,6911,0,1,0,0,0,0,0,0,0
1761781500,6911.25,6924.75,6910.75,6922.25,0,0,0,0,0,0,0,0,0
1761782400,6922.5,6931.75,6922.25,6930.25,0,0,0,0,0,0,0,0,0
1761783300,6930.25,6936,6928,6934.5,0,0,0,0,0,0,0,0,0
1761784200,6934.75,6940,6932.75,6933,1,0,0,0,0,0,0,0,0
1761785100,6933.25,6935.25,6930.25,6933,0,0,0,0,0,0,0,0,0
1761786000,6933.25,6937.5,6926.25,6933.25,1,1,0,0,0,0,0,0,0
1761786900,6932.75,6935.25,6930.75,6932.5,0,0,0,0,0,0,0,0,0
1761787800,6932.5,6939.25,6928.75,6937.75,1,1,0,0,0,0,0,0,0
1761788700,6937.5,6938.75,6934.5,6936,0,0,0,0,0,0,0,0,0
1761789600,6936,6944.5,6935.25,6944.25,0,0,0,0,0,0,0,0,0
1761790500,6944.25,6948.75,6944,6945.75,0,0,0,0,0,0,0,0,0
1761791400,6945.75,6948.75,6942.75,6945.75,1,0,0,0,0,0,0,0,0
1761792300,6946,6947.25,6941.75,6944.25,0,1,0,0,0,0,0,0,0
1761793200,6944,6949.5,6944,6948.75,0,0,0,0,0,0,0,0,0
1761794100,6949,6952.25,6948,6949.25,0,0,0,0,0,0,0,0,0
1761795000,6949,6952.25,6947.5,6950,0,0,0,0,0,0,0,0,0
1761795900,6949.75,6955,6945.5,6948,1,0,0,0,0,0,0,0,0
1761796800,6948,6948.75,6910,6914.25,0,0,0,0,0,0,1,0,0
1761797700,6914.25,6923.25,6900.75,6905.5,0,1,0,0,0,0,0,0,0
1761798600,6905.75,6938.25,6904,6916,1,0,0,0,0,0,0,0,0
1761799500,6915.75,6924,6912.5,6914.25,0,0,0,0,0,0,0,0,0
1761800400,6914.5,6923,6912.25,6921.75,0,1,0,0,0,0,0,0,0
1761801300,6922,6931,6918,6930.25,0,0,0,0,0,0,0,0,0
1761802200,6930.5,6938.25,6929.5,6931,1,0,0,0,0,0,0,0,0
1761803100,6931.5,6934.5,6926.75,6930,0,0,0,0,0,0,0,0,0
1761804000,6929.5,6930.5,6920.5,6921.75,0,0,0,0,0,0,0,0,0
1761804900,6922.25,6922.75,6916,6917.75,0,1,0,0,0,0,0,0,0
1761805800,6917.5,6922.25,6917,6921.75,0,0,0,0,0,0,0,0,0
1761806700,6921.5,6926.75,6919,6919.5,0,0,0,0,0,0,0,0,0
1761807600,6919.5,6929,6911.75,6928,0,1,0,0,0,0,0,0,0
1761808500,6928,6932.5,6921.5,6922,1,0,0,0,0,0,0,0,0
1761809400,6921.75,6926.25,6920.75,6925.25,0,1,0,0,0,0,0,0,0
1761810300,6925.5,6930,6924,6927,1,0,0,0,0,0,0,0,0
1761811200,6927.25,6929.25,6917.25,6917.75,0,0,0,0,0,0,0,0,0
1761812100,6917.75,6924.25,6916,6921,0,1,0,0,0,0,0,0,0
1761813000,6921,6924.75,6917.75,6924,0,0,0,0,0,0,0,0,0
1761813900,6924,6926.5,6921.25,6922,1,0,0,0,0,0,0,0,0
1761814800,6921.75,6926,6919.5,6922.5,0,0,0,0,0,0,0,0,0
1761815700,6922.5,6923,6912.5,6916.25,0,0,0,0,0,0,0,0,0
1761816600,6916.25,6917.5,6908.25,6911,0,0,0,0,0,0,0,0,0
1761817500,6911.25,6911.25,6905.5,6908.25,0,1,0,0,0,0,0,0,0
1761818400,6908.5,6914,6906.5,6911.5,0,0,0,0,0,0,0,0,0
1761819300,6911.5,6914,6908.75,6912.5,0,0,0,0,0,0,0,0,0
1761820200,6912.25,6916.25,6911,6913.5,0,0,0,0,0,0,0,0,0
1761821100,6913.5,6920,6913.5,6918,0,0,0,0,0,0,0,0,0
1761822000,6918,6922,6916.5,6921.75,0,0,0,0,0,0,0,0,0
1761822900,6921.75,6928.75,6921,6927.75,0,0,0,0,0,0,0,0,0
1761823800,6927.75,6929.75,6924.25,6928.75,1,0,0,0,0,0,0,0,0
1761824700,6929,6929.5,6921,6921.5,0,0,0,0,0,0,0,0,0
1761825600,6921.75,6924.75,6909.75,6910.5,0,0,0,0,0,0,0,0,0
1761826500,6910.5,6914.5,6898,6901.25,0,0,0,0,0,0,0,0,0
1761827400,6901.25,6907,6895.75,6898,0,0,0,0,0,0,0,0,0
1761828300,6898,6901.25,6890.25,6891,0,0,0,0,0,0,0,0,0
1761829200,6891,6899.25,6887.75,6896,0,0,0,0,0,0,0,0,0
1761830100,6896.25,6896.25,6887,6893.25,0,0,0,0,0,0,0,0,0
1761831000,6893,6893.25,6867.75,6878.25,0,1,0,0,0,0,0,0,0
1761831900,6878,6910.75,6875.75,6904.25,0,0,0,0,0,0,0,0,0
1761832800,6904.25,6913.75,6892.25,6902.5,1,0,0,0,0,0,0,0,0
1761833700,6902.25,6903,6886,6888.5,0,1,0,0,0,0,0,0,0
1761834600,6888.5,6911.75,6888,6906.75,1,0,0,0,0,0,0,0,0
1761835500,6906.75,6908.75,6890.25,6898.5,0,0,0,0,0,0,0,0,0
1761836400,6898.25,6907.75,6898.25,6907,0,0,0,0,0,0,0,0,0
1761837300,6907.25,6909.5,6900.75,6902.25,1,0,0,0,0,0,0,0,0
1761838200,6902,6903.5,6885.25,6889.5,0,0,0,0,0,0,0,0,0
1761839100,6889.5,6894.5,6883.25,6887.75,0,1,0,0,0,0,0,0,0
1761840000,6888,6905.5,6886,6904.75,0,0,0,0,0,0,0,0,0
1761840900,6905,6906,6899,6903.5,1,0,0,0,0,0,0,0,0
1761841800,6903.75,6904,6890,6896.5,0,1,0,0,0,0,0,0,0
1761842700,6896.75,6900.5,6893.75,6898.25,0,0,0,0,0,0,0,0,0
1761843600,6898.25,6898.25,6884.25,6887.75,0,1,0,0,0,0,0,0,0
1761844500,6887.5,6900,6886.25,6897.75,1,0,0,0,0,0,0,0,0
1761845400,6898,6898,6889.75,6893.75,0,0,0,0,0,0,0,0,0
1761846300,6894,6900.5,6893.75,6898,1,0,0,0,0,0,0,0,0
1761847200,6898,6898,6882.5,6883.5,0,0,0,0,0,0,0,0,0
1761848100,6883.25,6886.75,6879,6883.25,0,0,0,0,0,0,0,0,0
1761849000,6883.25,6889,6875.25,6878.5,1,1,0,0,0,0,0,0,0
1761849900,6878.5,6885.25,6875.75,6877.5,0,0,0,0,0,0,0,0,0
1761850800,6877.5,6878.25,6870,6870.5,0,0,0,0,0,0,0,0,0
1761851700,6870.75,6872,6856.5,6866.75,0,1,0,0,0,0,0,0,0
1761852600,6866.75,6874,6859.25,6860.5,1,0,0,0,0,0,0,0,0
1761853500,6860.75,6865.75,6852.5,6853.75,0,0,0,0,0,0,0,0,0
1761854400,6854,6877.5,6850.75,6874.5,0,1,0,0,0,0,0,0,0
1761855300,6874.75,6880.75,6873.25,6877.25,0,0,0,0,0,0,0,0,0
1761856200,6877.5,6895.5,6851,6894,0,1,0,0,0,0,0,0,0
1761857100,6894,6896.25,6890,6894.5,0,0,0,0,0,0,0,0,0
1761861600,6896.5,6899.75,6892.75,6893.75,1,0,0,0,0,0,0,0,0
1761862500,6893.75,6896.5,6892.5,6896.25,0,1,0,0,0,0,0,0,0
1761863400,6896.25,6897.5,6893.25,6893.75,1,0,0,0,0,0,0,0,0
1761864300,6893.75,6894.25,6890.75,6893.25,0,1,0,0,0,0,0,0,0
1761865200,6893.5,6896.25,6891.25,6892.5,1,0,0,0,0,0,0,0,0
1761866100,6892.5,6893,6888.5,6891.5,0,0,0,0,0,0,0,0,0
1761867000,6891.75,6894.25,6887.75,6894,0,1,0,0,0,0,0,0,0
1761867900,6894,6899.25,6893,6898.5,1,0,0,0,0,0,0,0,0
1761868800,6898.75,6899,6889.5,6894.25,0,1,0,0,0,0,0,0,0
1761869700,6894,6903,6893.25,6902.25,0,0,0,0,0,0,0,0,0
1761870600,6902,6903,6898.5,6900.25,1,0,0,0,0,0,0,0,0
1761871500,6900.5,6902.25,6899.5,6901.25,0,0,0,0,0,0,0,0,0
1761872400,6901,6902.5,6898.75,6899.25,1,0,0,0,0,0,0,0,0
1761873300,6899.5,6900.5,6895.5,6900.5,0,1,0,0,0,0,0,0,0
1761874200,6900.5,6903.5,6899.25,6902.25,0,0,0,0,0,0,0,0,0
1761875100,6902.25,6904,6900,6903.5,0,0,0,0,0,0,0,0,0
1761876000,6903.5,6904.75,6900.25,6901.5,1,0,0,0,0,0,0,0,0
1761876900,6901.5,6902.25,6898.75,6899.25,0,0,0,0,0,0,0,0,0
1761877800,6899,6899,6894.25,6894.5,0,0,0,0,0,0,0,0,0
1761878700,6894.5,6898.25,6893.25,6897.25,0,1,0,0,0,0,0,0,0
1761879600,6896.75,6900,6896.5,6899,1,0,0,0,0,0,0,0,0
1761880500,6899,6899.5,6892.5,6894.5,0,1,0,0,0,0,0,0,0
1761881400,6894.5,6899.25,6894,6898.75,0,0,0,0,0,0,0,0,0
1761882300,6899,6900.5,6898,6899.75,0,0,0,0,0,0,0,0,0
1761883200,6900,6903,6899.75,6901.75,0,0,0,0,0,0,0,1,0
1761884100,6902,6903,6900,6901.25,0,0,0,0,0,0,0,0,0
1761885000,6901.5,6903,6900.25,6902,0,0,0,0,0,0,0,0,0
1761885900,6902.5,6902.5,6899.5,6901,0,0,0,0,0,0,0,0,0
1761886800,6900.75,6901,6898,6898.75,0,0,0,0,0,0,0,0,0
1761887700,6898.75,6900.5,6896.5,6896.75,0,0,0,0,0,0,0,0,0
1761888600,6897,6897.75,6896,6897.5,0,0,0,0,0,0,0,0,0
1761889500,6897.5,6897.75,6894,6895.25,0,1,0,0,0,0,0,0,0
1761890400,6895,6899,6894.25,6898.5,0,0,0,0,0,0,0,0,0
1761891300,6898.5,6900.75,6895.5,6900.5,0,0,0,0,0,0,0,0,0
1761892200,6900.5,6902.5,6898,6899,1,0,0,0,0,0,0,0,0
1761893100,6899.25,6899.25,6894.75,6896,0,0,0,0,0,0,0,0,0
1761894000,6896,6896.25,6893.25,6894.5,0,1,0,0,0,0,0,0,0
1761894900,6894.5,6898.75,6894.5,6898,0,0,0,0,0,0,0,0,0
1761895800,6898.25,6904.75,6898,6903.25,0,0,0,0,0,0,0,0,0
1761896700,6903,6906.25,6902.5,6906,1,0,0,0,0,0,0,0,0
1761897600,6906,6906,6897.5,6897.5,0,0,0,0,0,0,0,0,0
1761898500,6897.25,6900.5,6896.25,6899.5,0,1,0,0,0,0,0,0,0
1761899400,6899.25,6900.5,6896.5,6900,0,0,0,0,0,0,0,0,0
1761900300,6899.75,6904,6899,6903.5,0,0,0,0,0,0,0,0,0
1761901200,6903.5,6906,6902.25,6906,0,0,0,0,0,0,0,0,0
1761902100,6905.75,6906,6901,6902,1,0,0,0,0,0,0,0,0
1761903000,6902,6903,6899,6899.75,0,0,0,0,0,0,0,0,0
1761903900,6899.5,6901.75,6899,6899.75,0,0,0,0,0,0,0,0,0
1761904800,6900,6900.75,6898.25,6898.5,0,0,0,0,0,0,0,0,0
1761905700,6898.75,6899,6893.25,6895.75,0,1,0,0,0,0,0,0,0
1761906600,6895.5,6899.25,6894.25,6898.5,0,0,0,0,0,0,0,0,0
1761907500,6899,6900.75,6897.5,6897.75,0,0,0,0,0,0,0,0,0
1761908400,6898,6901.5,6894.75,6900.5,0,1,0,0,0,0,0,0,0
1761909300,6900.5,6905,6899.25,6904.75,0,0,0,0,0,0,0,0,0
1761910200,6904.75,6905.25,6902.5,6905,0,0,0,0,0,0,0,0,0
1761911100,6905,6911.5,6904.25,6907.75,0,0,0,0,0,0,0,0,0
1761912000,6907.5,6913.25,6906.75,6913,0,0,0,0,0,0,0,0,0
1761912900,6913,6918.5,6912.75,6915.5,1,0,0,0,0,0,0,0,0
1761913800,6916,6916.75,6901.75,6904.5,0,1,0,0,0,0,0,0,0
1761914700,6904.25,6910,6903.25,6905.75,0,0,0,0,0,0,0,0,0
1761915600,6905.75,6906.25,6900.5,6905,0,0,0,0,0,0,0,0,0
1761916500,6904.75,6905.75,6899.25,6901.75,0,0,0,0,0,0,0,0,0
1761917400,6902.25,6902.5,6882,6884.5,0,0,0,0,0,0,0,0,0
1761918300,6884.25,6892.25,6880,6886.25,0,0,0,0,0,0,0,0,0
1761919200,6886.25,6888.25,6877,6879.25,0,0,0,0,0,0,0,0,0
1761920100,6879.25,6886.75,6873.5,6884.25,0,1,0,0,0,0,0,0,0
1761921000,6884.25,6896.75,6882.75,6895.5,0,0,0,0,0,0,0,0,0
1761921900,6895.5,6899.5,6893.25,6896.5,1,0,0,0,0,0,0,0,0
1761922800,6896.5,6898.75,6891,6894.25,0,0,0,0,0,0,0,0,0
1761923700,6894,6899.5,6887.75,6889,1,0,0,0,0,0,0,0,0
1761924600,6889.25,6893.5,6875,6886,0,0,0,0,0,0,0,0,0
1761925500,6886,6894.5,6872.25,6873.5,1,0,0,0,0,0,0,0,0
1761926400,6873.5,6875.25,6862.25,6866.75,0,0,0,0,0,0,0,0,0
1761927300,6866.75,6872.25,6856.5,6869.25,0,1,0,0,0,0,0,0,0
1761928200,6869.25,6876.25,6861.25,6863.25,1,0,0,0,0,0,0,0,0
1761929100,6863.25,6867.25,6852.5,6855.25,0,0,0,0,0,0,0,0,0
1761930000,6855,6859.25,6848.5,6850.75,0,0,0,0,0,0,0,0,0
1761930900,6850.25,6852.5,6843.5,6849.25,0,1,0,0,0,0,0,0,0
1761931800,6849.5,6859,6845.5,6858.5,0,0,0,0,0,0,0,0,0
1761932700,6858.25,6866.5,6858.25,6860.25,0,0,0,0,0,0,0,0,0
1761933600,6860.25,6873.75,6859.5,6871.5,0,0,0,0,0,0,0,0,0
1761934500,6871.5,6876,6867,6875,0,0,0,0,0,0,0,0,0
1761935400,6875,6877.5,6871.5,6875.5,0,0,0,0,0,0,0,0,0
1761936300,6875.75,6879.5,6868.75,6878,0,1,0,0,0,0,0,0,0
1761937200,6877.75,6882,6874.5,6880.25,0,0,0,0,0,0,0,0,0
1761938100,6880.25,6894.75,6879.25,6893,0,0,0,0,0,0,0,0,0
1761939000,6893,6900,6890.75,6896.25,1,0,0,0,0,0,0,0,0
1761939900,6896,6896.75,6871.75,6872.25,0,0,0,0,0,0,0,0,0
1761940800,6872.25,6875,6867.5,6872,0,0,0,0,0,0,0,0,0
1761941700,6872,6872.75,6866.75,6868,0,1,0,0,0,0,0,0,0
1761942600,6867.75,6871.75,6867.75,6870,0,0,0,0,0,0,0,0,0
1761943500,6869.75,6873.5,6869.5,6872,0,0,0,0,0,0,0,0,0
1762124400,6877.5,6891.25,6876.25,6891.25,0,0,0,0,0,0,0,0,0
1762125300,6891.25,6893.25,6887.25,6888.5,0,0,0,0,0,0,0,0,0
1762126200,6888.25,6894.75,6887.25,6892,0,0,0,0,0,0,0,0,0
1762127100,6892,6895,6892,6892.5,0,0,0,0,0,0,0,0,0
1762128000,6892.75,6896.5,6892,6895.25,0,0,0,0,0,0,0,0,0
1762128900,6895,6897.75,6894.5,6895.75,0,0,0,0,0,0,0,0,0
1762129800,6896,6897.75,6895,6897,0,0,0,0,0,0,0,0,0
1762130700,6897.25,6898.75,6896.75,6898.5,0,0,0,0,0,0,0,0,0
1762131600,6898.25,6899,6895,6897.5,0,0,0,0,0,0,0,0,0
1762132500,6897.75,6899.25,6895,6896,1,0,0,0,0,0,0,0,0
1762133400,6896.25,6896.5,6891.5,6894.25,0,0,0,0,0,0,0,0,0
1762134300,6894.25,6894.5,6891.5,6892,0,0,0,0,0,0,0,0,0
1762135200,6891.5,6893.25,6890.25,6892.75,0,1,0,0,0,0,0,0,0
1762136100,6892.5,6896,6892,6893.75,1,0,0,0,0,0,0,0,0
1762137000,6893.5,6893.75,6887.25,6890,0,1,0,0,0,0,0,0,0
1762137900,6890.25,6891.25,6887.5,6888.5,0,0,0,0,0,0,0,0,0
1762138800,6888.5,6889,6884.25,6884.5,0,0,0,0,0,0,0,0,0
1762139700,6884.75,6887,6881,6884,0,1,0,0,0,0,0,0,0
1762140600,6884,6887.25,6882.75,6885.25,1,0,0,0,0,0,0,0,0
1762141500,6885.25,6886.75,6883.25,6886.5,0,0,0,0,0,0,0,0,0
1762142400,6886,6886.25,6883.75,6885.75,0,0,0,0,0,0,0,0,0
1762143300,6886,6888,6884.25,6886.5,0,0,0,0,0,0,0,0,0
1762144200,6886.75,6888,6884.75,6885.75,1,0,0,0,0,0,0,0,0
1762145100,6885.5,6887.25,6885,6887,0,0,0,0,0,0,0,0,0
1762146000,6887,6888,6886,6886.5,1,0,0,1,0,0,0,0,0
1762146900,6886.75,6886.75,6882,6886.25,0,1,0,0,0,0,0,0,0
1762147800,6886.5,6889,6884.5,6887.75,1,0,0,0,0,0,0,0,0
1762148700,6887.75,6888,6882.5,6884.75,0,1,0,0,0,0,0,0,0
1762149600,6885,6888,6884,6884,0,0,0,0,0,0,0,0,0
1762150500,6884,6884.75,6878.5,6880.5,0,1,0,0,0,0,0,0,0
1762151400,6880.25,6884,6878.75,6879.75,0,0,0,0,0,0,0,0,0
1762152300,6879.75,6883.5,6877.5,6880.5,0,0,0,0,0,0,0,0,0
1762153200,6880.25,6880.75,6874.75,6876.25,0,0,0,0,0,0,0,0,0
1762154100,6876,6879.75,6874.75,6876.75,0,0,0,0,0,0,0,0,0
1762155000,6876.75,6877.5,6874,6874.25,0,0,0,0,0,0,0,0,0
1762155900,6874.25,6877.5,6873.5,6876,0,0,0,0,0,0,0,0,0
1762156800,6876,6881.5,6873.25,6880.75,0,1,0,0,0,0,0,0,0
1762157700,6881,6884.5,6877.75,6882.75,0,0,0,0,0,0,0,0,0
1762158600,6882.75,6886.25,6881.25,6886.25,0,0,0,0,0,0,0,0,0
1762159500,6886.25,6889.75,6885.25,6887.5,0,0,0,0,0,0,0,0,0
1762160400,6887.5,6894.75,6887,6894.5,0,0,0,0,0,0,0,0,0
1762161300,6894.75,6900.75,6893.75,6900.25,0,0,0,0,0,0,0,0,0
1762162200,6900.5,6902.25,6898,6899.5,1,0,0,0,0,0,0,0,0
1762163100,6899.5,6899.75,6894,6895,0,0,0,0,0,0,0,0,0
1762164000,6895,6897,6893.25,6895.75,0,1,0,0,0,0,0,0,0
1762164900,6895.75,6898,6894,6896.5,0,0,0,0,0,0,0,0,0
1762165800,6896.5,6899.25,6894.25,6899,0,0,0,0,0,0,0,0,0
1762166700,6899.25,6901,6894.25,6896,1,0,0,0,0,0,0,0,0
1762167600,6896,6900.75,6896,6899.25,0,0,0,0,0,0,0,0,0
1762168500,6899.25,6903,6898,6898.75,1,0,0,0,0,0,0,0,0
1762169400,6898.5,6900.5,6896.25,6897.75,0,0,0,0,0,0,0,0,0
1762170300,6897.5,6900.25,6895.75,6896.25,0,0,0,0,0,0,0,0,0
1762171200,6896.25,6900.25,6895.75,6899.75,0,0,0,0,0,0,0,0,0
1762172100,6899.5,6899.75,6893,6893,0,0,0,0,0,0,0,0,0
1762173000,6893.25,6896,6891.25,6893.5,0,1,0,0,0,0,0,0,0
1762173900,6893.5,6897.25,6891.5,6891.75,1,0,0,0,0,0,0,0,0
1762174800,6891.5,6892.25,6885.75,6889.75,0,1,0,0,0,0,0,0,0
1762175700,6889.75,6893,6888.25,6888.75,0,0,0,0,0,0,0,0,0
1762176600,6888.75,6895.75,6888.75,6895,0,0,0,0,0,0,0,0,0
1762177500,6895.25,6897.25,6894,6896.5,0,0,0,0,0,0,0,0,0
1762178400,6896.75,6907.25,6896.25,6901.25,0,0,0,0,0,0,0,0,0
1762179300,6901,6909,6900.25,6908.25,0,0,0,0,0,0,0,0,0
1762180200,6908.25,6909.5,6881.25,6882.5,1,0,0,0,0,0,0,0,0
1762181100,6882.5,6886.25,6872.25,6876,0,0,0,0,0,0,0,0,0
1762182000,6875,6880.5,6866.75,6873.5,0,0,0,0,0,0,0,0,0
1762182900,6873.5,6874,6852.5,6855,0,0,0,0,0,0,0,0,0
1762183800,6854.75,6873,6849.5,6869.75,0,1,0,0,0,0,0,0,0
1762184700,6869.75,6878.75,6864.25,6874.25,1,0,0,0,0,0,0,0,0
1762185600,6874.25,6877.25,6869.75,6874.75,0,0,0,0,0,0,0,0,0
1762186500,6875,6878.5,6871.5,6877.75,NaN,NaN,0,0,0,0,0,0,0