price_level,side,action,order_count,total_size,avg_size,first_seen,last_seen
25700.0,SELL,ADD,20,39,1.9500000000000000,2025-11-11 07:00:24.799000-05:00,2025-11-11 08:27:42.926000-05:00
25700.0,SELL,DEPTH,150,10128,67.5200000000000000,2025-11-11 07:00:04.249000-05:00,2025-11-11 08:27:31.121000-05:00
25700.0,SELL,UPDATE,51,150,2.9411764705882353,2025-11-11 07:01:53.425000-05:00,2025-11-11 08:16:15.950000-05:00
25690.0,SELL,ADD,394,968,2.4568527918781726,2025-11-11 07:00:02.984000-05:00,2025-11-11 08:27:29.278000-05:00
25690.0,SELL,DEPTH,3321,19297,5.8105992171032821,2025-11-11 07:00:04.250000-05:00,2025-11-11 08:28:40.118000-05:00
25690.0,SELL,UPDATE,1316,3522,2.6762917933130699,2025-11-11 07:00:00.306000-05:00,2025-11-11 08:25:00.295000-05:00
25680.0,SELL,ADD,219,490,2.2374429223744292,2025-11-11 07:01:08.457000-05:00,2025-11-11 08:27:02.520000-05:00
25680.0,SELL,DEPTH,903,4564,5.0542635658914729,2025-11-11 07:00:49.651000-05:00,2025-11-11 08:26:51.833000-05:00
25680.0,SELL,UPDATE,260,674,2.5923076923076923,2025-11-11 07:00:01.732000-05:00,2025-11-11 08:23:43.257000-05:00
25670.0,SELL,ADD,314,783,2.4936305732484076,2025-11-11 07:00:03.275000-05:00,2025-11-11 08:27:13.391000-05:00
25670.0,SELL,DEPTH,2057,13782,6.7000486144871172,2025-11-11 07:00:04.265000-05:00,2025-11-11 08:28:17.900000-05:00
25670.0,SELL,UPDATE,735,1983,2.6979591836734694,2025-11-11 07:00:04.576000-05:00,2025-11-11 08:28:34.940000-05:00
25660.0,SELL,ADD,527,1277,2.4231499051233397,2025-11-11 07:00:03.111000-05:00,2025-11-11 08:29:10-05:00
25660.0,SELL,DEPTH,2198,15596,7.0955414012738854,2025-11-11 07:00:04.275000-05:00,2025-11-11 08:29:02.056000-05:00
25660.0,SELL,UPDATE,729,2242,3.0754458161865569,2025-11-11 07:02:45.306000-05:00,2025-11-11 08:29:09.342000-05:00
25650.0,SELL,ADD,631,1281,2.0301109350237718,2025-11-11 07:00:15.717000-05:00,2025-11-11 08:29:39.534000-05:00
25650.0,SELL,DEPTH,1831,17642,9.6351720371381759,2025-11-11 07:00:04.278000-05:00,2025-11-11 08:29:53.871000-05:00
25650.0,SELL,UPDATE,372,2082,5.5967741935483871,2025-11-11 07:00:00.328000-05:00,2025-11-11 08:29:54.755000-05:00
25640.0,SELL,ADD,1307,1804,1.3802601377199694,2025-11-11 07:00:02.927000-05:00,2025-11-11 08:29:32.810000-05:00
25640.0,SELL,DEPTH,2847,32163,11.2971548998946259,2025-11-11 07:00:04.287000-05:00,2025-11-11 08:29:53.884000-05:00
25640.0,SELL,UPDATE,362,2294,6.3370165745856354,2025-11-11 07:00:07.718000-05:00,2025-11-11 08:28:23.825000-05:00
25630.0,BUY,ADD,4542,4930,1.0854249229414355,2025-11-11 07:02:35.867000-05:00,2025-11-11 07:23:31.312000-05:00
25630.0,BUY,DEPTH,8484,42679,5.0305280528052805,2025-11-11 07:02:10.960000-05:00,2025-11-11 07:23:31.643000-05:00
25630.0,BUY,UPDATE,441,855,1.9387755102040816,2025-11-11 07:02:40.453000-05:00,2025-11-11 07:16:59.384000-05:00
25630.0,SELL,ADD,8266,9613,1.1629566900556496,2025-11-11 07:00:02.919000-05:00,2025-11-11 08:28:37.810000-05:00
25630.0,SELL,DEPTH,15168,114675,7.5603243670886076,2025-11-11 07:00:04.297000-05:00,2025-11-11 08:29:53.889000-05:00
25630.0,SELL,UPDATE,1284,3755,2.9244548286604361,2025-11-11 07:00:00.823000-05:00,2025-11-11 08:25:51.728000-05:00
25620.0,BUY,ADD,17216,18791,1.09148466542750929368,2025-11-11 07:00:02.920000-05:00,2025-11-11 08:16:59.727000-05:00
25620.0,BUY,DEPTH,32076,172593,5.3807519640852974,2025-11-11 07:00:04.196000-05:00,2025-11-11 08:17:01.333000-05:00
25620.0,BUY,UPDATE,1833,3472,1.8941625750136388,2025-11-11 07:00:01.251000-05:00,2025-11-11 08:16:59.914000-05:00
25620.0,SELL,ADD,20312,22329,1.09930090586845214651,2025-11-11 07:00:02.931000-05:00,2025-11-11 08:29:33.208000-05:00
25620.0,SELL,DEPTH,37852,231980,6.1286061502694706,2025-11-11 07:00:04.325000-05:00,2025-11-11 08:29:53.897000-05:00
25620.0,SELL,UPDATE,2478,6040,2.4374495560936239,2025-11-11 07:00:04.422000-05:00,2025-11-11 08:29:55.665000-05:00
25610.0,BUY,ADD,12468,13773,1.10466794995187680462,2025-11-11 07:00:02.930000-05:00,2025-11-11 08:22:57.991000-05:00
25610.0,BUY,DEPTH,21810,141271,6.4773498395231545,2025-11-11 07:00:04.159000-05:00,2025-11-11 08:22:58.810000-05:00
25610.0,BUY,UPDATE,1585,3404,2.1476340694006309,2025-11-11 07:00:00.269000-05:00,2025-11-11 08:22:54.571000-05:00
25610.0,SELL,ADD,10275,11460,1.11532846715328467153,2025-11-11 07:01:07.815000-05:00,2025-11-11 08:28:49.845000-05:00
25610.0,SELL,DEPTH,16968,94740,5.5834512022630835,2025-11-11 07:00:49.907000-05:00,2025-11-11 08:29:53.904000-05:00
25610.0,SELL,UPDATE,1222,3505,2.8682487725040917,2025-11-11 07:00:50.025000-05:00,2025-11-11 08:29:28.650000-05:00
25600.0,BUY,ADD,4935,5612,1.1371833839918946,2025-11-11 07:00:03.221000-05:00,2025-11-11 08:23:44.407000-05:00
25600.0,BUY,DEPTH,6897,52317,7.5854719443236190,2025-11-11 07:00:04.144000-05:00,2025-11-11 08:23:46.416000-05:00
25600.0,BUY,UPDATE,720,2557,3.5513888888888889,2025-11-11 07:00:04.386000-05:00,2025-11-11 08:23:44.305000-05:00
25600.0,SELL,ADD,6375,7368,1.1557647058823529,2025-11-11 07:37:01.733000-05:00,2025-11-11 08:29:46.717000-05:00
25600.0,SELL,DEPTH,8326,67653,8.1255104491952919,2025-11-11 07:36:40.583000-05:00,2025-11-11 08:29:53.943000-05:00
25600.0,SELL,UPDATE,1091,3144,2.8817598533455545,2025-11-11 07:36:45.251000-05:00,2025-11-11 08:29:59.603000-05:00
25590.0,BUY,ADD,10822,12169,1.12446867492145629274,2025-11-11 07:00:15.620000-05:00,2025-11-11 08:25:17.135000-05:00
25590.0,BUY,DEPTH,15354,92754,6.0410316529894490,2025-11-11 07:00:04.123000-05:00,2025-11-11 08:25:17.943000-05:00
25590.0,BUY,UPDATE,1385,4193,3.0274368231046931,2025-11-11 07:00:04.650000-05:00,2025-11-11 08:25:17.044000-05:00
25590.0,SELL,ADD,10084,11452,1.13566045220150733836,2025-11-11 07:37:42.958000-05:00,2025-11-11 08:29:37.312000-05:00
25590.0,SELL,DEPTH,13161,78542,5.9677836030696756,2025-11-11 07:37:35.634000-05:00,2025-11-11 08:29:53.990000-05:00
25590.0,SELL,UPDATE,1236,2464,1.9935275080906149,2025-11-11 07:37:44.153000-05:00,2025-11-11 08:29:57.652000-05:00
25580.0,BUY,ADD,6176,7305,1.1828044041450777,2025-11-11 07:01:07.927000-05:00,2025-11-11 08:28:15.945000-05:00
25580.0,BUY,DEPTH,7791,74894,9.6128866640996021,2025-11-11 07:00:04.120000-05:00,2025-11-11 08:28:17.866000-05:00
25580.0,BUY,UPDATE,1177,3163,2.6873406966864911,2025-11-11 07:00:50.390000-05:00,2025-11-11 08:26:01.838000-05:00
25580.0,SELL,ADD,4250,4817,1.1334117647058824,2025-11-11 07:39:25.251000-05:00,2025-11-11 08:29:33.300000-05:00
25580.0,SELL,DEPTH,4771,29301,6.1414797736323622,2025-11-11 07:38:43.878000-05:00,2025-11-11 08:29:54.025000-05:00
25580.0,SELL,UPDATE,512,888,1.7343750000000000,2025-11-11 07:39:40.175000-05:00,2025-11-11 08:29:54.172000-05:00
25570.0,BUY,ADD,2965,3459,1.1666104553119730,2025-11-11 07:00:03.117000-05:00,2025-11-11 08:29:52.027000-05:00
25570.0,BUY,DEPTH,4060,38170,9.4014778325123153,2025-11-11 07:00:49.366000-05:00,2025-11-11 08:29:53.826000-05:00
25570.0,BUY,UPDATE,604,2104,3.4834437086092715,2025-11-11 07:00:52.622000-05:00,2025-11-11 08:29:59.766000-05:00
25570.0,SELL,ADD,1742,1930,1.1079219288174512,2025-11-11 08:26:13.324000-05:00,2025-11-11 08:29:52.134000-05:00
25570.0,SELL,DEPTH,2082,10796,5.1853986551392891,2025-11-11 08:25:42.864000-05:00,2025-11-11 08:29:54.061000-05:00
25570.0,SELL,UPDATE,214,366,1.7102803738317757,2025-11-11 08:26:04.827000-05:00,2025-11-11 08:29:59.776000-05:00
25560.0,BUY,ADD,927,1512,1.6310679611650485,2025-11-11 07:01:07.909000-05:00,2025-11-11 08:29:44.869000-05:00
25560.0,BUY,DEPTH,1799,20734,11.5252918287937743,2025-11-11 07:00:49.363000-05:00,2025-11-11 08:29:53.762000-05:00
25560.0,BUY,UPDATE,333,1891,5.6786786786786787,2025-11-11 07:01:42.892000-05:00,2025-11-11 08:29:59.769000-05:00
25550.0,BUY,ADD,622,1448,2.3279742765273312,2025-11-11 07:00:15.601000-05:00,2025-11-11 08:29:33.298000-05:00
25550.0,BUY,DEPTH,2595,30332,11.6886319845857418,2025-11-11 07:00:04.107000-05:00,2025-11-11 08:29:53.721000-05:00
25550.0,BUY,UPDATE,877,2670,3.0444697833523375,2025-11-11 07:01:17.304000-05:00,2025-11-11 08:29:59.555000-05:00
25540.0,BUY,ADD,497,1157,2.3279678068410463,2025-11-11 07:00:02.938000-05:00,2025-11-11 08:29:33.203000-05:00
25540.0,BUY,DEPTH,4107,16531,4.0250791331872413,2025-11-11 07:00:04.081000-05:00,2025-11-11 08:29:53.693000-05:00
25540.0,BUY,UPDATE,1650,4435,2.6878787878787879,2025-11-11 07:00:00.268000-05:00,2025-11-11 08:29:58.605000-05:00
25530.0,BUY,ADD,237,593,2.5021097046413502,2025-11-11 07:00:03.230000-05:00,2025-11-11 08:29:10.225000-05:00
25530.0,BUY,DEPTH,1264,7059,5.5846518987341772,2025-11-11 07:00:49.241000-05:00,2025-11-11 08:29:53.665000-05:00
25530.0,BUY,UPDATE,458,1153,2.5174672489082969,2025-11-11 07:01:45.111000-05:00,2025-11-11 08:29:02.709000-05:00
25520.0,BUY,ADD,351,900,2.5641025641025641,2025-11-11 07:01:07.921000-05:00,2025-11-11 08:29:33.247000-05:00
25520.0,BUY,DEPTH,1611,12138,7.5344506517690875,2025-11-11 07:00:16.954000-05:00,2025-11-11 08:29:53.661000-05:00
25520.0,BUY,UPDATE,590,1530,2.5932203389830508,2025-11-11 07:02:54.539000-05:00,2025-11-11 08:29:58.655000-05:00
25510.0,BUY,ADD,339,810,2.3893805309734513,2025-11-11 07:04:26.601000-05:00,2025-11-11 08:29:09.980000-05:00
25510.0,BUY,DEPTH,1949,11616,5.9599794766546947,2025-11-11 07:02:09.432000-05:00,2025-11-11 08:29:53.634000-05:00
25510.0,BUY,UPDATE,715,1783,2.4937062937062937,2025-11-11 07:03:25.788000-05:00,2025-11-11 08:27:33.321000-05:00
25500.0,BUY,ADD,241,530,2.1991701244813278,2025-11-11 07:01:16.672000-05:00,2025-11-11 08:29:44.627000-05:00
25500.0,BUY,DEPTH,803,16233,20.2154420921544209,2025-11-11 07:01:10.141000-05:00,2025-11-11 08:29:53.626000-05:00
25500.0,BUY,UPDATE,222,569,2.5630630630630631,2025-11-11 07:01:51.719000-05:00,2025-11-11 08:29:51.742000-05:00
25490.0,BUY,ADD,53,102,1.9245283018867925,2025-11-11 07:06:02.046000-05:00,2025-11-11 08:29:10.188000-05:00
25490.0,BUY,DEPTH,247,1086,4.3967611336032389,2025-11-11 07:05:37.493000-05:00,2025-11-11 08:29:53.616000-05:00
25490.0,BUY,UPDATE,65,156,2.4000000000000000,2025-11-11 07:26:06.165000-05:00,2025-11-11 08:29:45.038000-05:00
25480.0,BUY,ADD,31,49,1.5806451612903226,2025-11-11 07:10:56.735000-05:00,2025-11-11 08:28:49.812000-05:00
25480.0,BUY,DEPTH,93,568,6.1075268817204301,2025-11-11 07:02:09.430000-05:00,2025-11-11 08:29:53.590000-05:00
25480.0,BUY,UPDATE,20,51,2.5500000000000000,2025-11-11 07:06:05.612000-05:00,2025-11-11 08:27:05.598000-05:00
25470.0,BUY,ADD,34,53,1.5588235294117647,2025-11-11 07:19:58.186000-05:00,2025-11-11 08:29:44.682000-05:00
25470.0,BUY,DEPTH,78,522,6.6923076923076923,2025-11-11 07:01:10.139000-05:00,2025-11-11 08:29:44.690000-05:00
25470.0,BUY,UPDATE,10,14,1.4000000000000000,2025-11-11 07:01:15.068000-05:00,2025-11-11 08:24:59.749000-05:00
25460.0,BUY,ADD,16,27,1.6875000000000000,2025-11-11 07:34:37.865000-05:00,2025-11-11 08:29:10.280000-05:00
25460.0,BUY,DEPTH,66,457,6.9242424242424242,2025-11-11 07:02:09.426000-05:00,2025-11-11 08:29:53.586000-05:00
25460.0,BUY,UPDATE,15,47,3.1333333333333333,2025-11-11 07:09:40.667000-05:00,2025-11-11 08:26:56.113000-05:00
25450.0,BUY,ADD,32,44,1.3750000000000000,2025-11-11 07:01:48.339000-05:00,2025-11-11 08:29:36.793000-05:00
25450.0,BUY,DEPTH,90,1371,15.2333333333333333,2025-11-11 07:00:49.233000-05:00,2025-11-11 08:29:53.580000-05:00
25450.0,BUY,UPDATE,30,65,2.1666666666666667,2025-11-11 07:37:50.864000-05:00,2025-11-11 08:29:59.772000-05:00
25440.0,BUY,ADD,8,12,1.5000000000000000,2025-11-11 07:44:18.328000-05:00,2025-11-11 08:12:51.023000-05:00
25440.0,BUY,DEPTH,30,83,2.7666666666666667,2025-11-11 07:16:11.305000-05:00,2025-11-11 08:25:59.291000-05:00
25440.0,BUY,UPDATE,7,15,2.1428571428571429,2025-11-11 07:39:41.149000-05:00,2025-11-11 08:21:39.560000-05:00
25430.0,BUY,ADD,8,40,5.0000000000000000,2025-11-11 07:15:20.370000-05:00,2025-11-11 08:12:30.643000-05:00
25430.0,BUY,DEPTH,25,225,9.0000000000000000,2025-11-11 07:02:38.632000-05:00,2025-11-11 08:29:22.962000-05:00
25430.0,BUY,UPDATE,7,22,3.1428571428571429,2025-11-11 07:37:11.821000-05:00,2025-11-11 08:29:25.902000-05:00
25420.0,BUY,ADD,17,35,2.0588235294117647,2025-11-11 07:00:16.209000-05:00,2025-11-11 08:26:35.477000-05:00
25420.0,BUY,DEPTH,42,235,5.5952380952380952,2025-11-11 07:00:04.078000-05:00,2025-11-11 08:29:53.576000-05:00
25420.0,BUY,UPDATE,7,13,1.8571428571428571,2025-11-11 07:51:23.022000-05:00,2025-11-11 08:27:39.929000-05:00
25410.0,BUY,ADD,8,9,1.1250000000000000,2025-11-11 07:18:34.072000-05:00,2025-11-11 08:29:33.212000-05:00
25410.0,BUY,DEPTH,23,85,3.6956521739130435,2025-11-11 07:04:17.610000-05:00,2025-11-11 08:29:53.571000-05:00
25410.0,BUY,UPDATE,5,8,1.6000000000000000,2025-11-11 07:04:24.875000-05:00,2025-11-11 08:26:01.220000-05:00
25400.0,BUY,ADD,15,23,1.5333333333333333,2025-11-11 07:06:02.282000-05:00,2025-11-11 08:29:33.134000-05:00
25400.0,BUY,DEPTH,44,1352,30.7272727272727273,2025-11-11 07:02:53.011000-05:00,2025-11-11 08:29:22.955000-05:00
25400.0,BUY,UPDATE,8,13,1.6250000000000000,2025-11-11 07:30:58.489000-05:00,2025-11-11 08:28:32.151000-05:00
