timestamp,symbol,price,side,event_type,iceberg_subtype,detected_size,confidence_score
2025-11-11 07:01:07.044017-05:00,MNQZ5.CME@RITHMIC,25618.0,BUY,STOP,,1,0.0
2025-11-11 07:03:02.094258-05:00,MNQZ5.CME@RITHMIC,25635.25,BUY,STOP,,1,0.0
2025-11-11 07:03:23.295504-05:00,MNQZ5.CME@RITHMIC,25630.5,SELL,STOP,,1,0.0
2025-11-11 07:03:23.295507-05:00,MNQZ5.CME@RITHMIC,25630.5,SELL,STOP,,2,0.0
2025-11-11 07:03:23.295514-05:00,MNQZ5.CME@RITHMIC,25630.5,SELL,STOP,,1,0.0
2025-11-11 07:03:23.295518-05:00,MNQZ5.CME@RITHMIC,25630.5,SELL,STOP,,1,0.0
2025-11-11 07:04:21.593059-05:00,MNQZ5.CME@RITHMIC,25624.75,SELL,STOP,,1,0.0
2025-11-11 07:05:18.970943-05:00,MNQZ5.CME@RITHMIC,25631.75,BUY,STOP,,1,0.0
2025-11-11 07:05:18.970975-05:00,MNQZ5.CME@RITHMIC,25631.75,BUY,STOP,,1,0.0
2025-11-11 07:06:27.526502-05:00,MNQZ5.CME@RITHMIC,25621.5,SELL,STOP,,1,0.0
2025-11-11 07:06:34.923146-05:00,MNQZ5.CME@RITHMIC,25622.0,BUY,STOP,,1,0.0
2025-11-11 07:06:43.840047-05:00,MNQZ5.CME@RITHMIC,25624.75,BUY,STOP,,1,0.0
2025-11-11 07:06:49.392503-05:00,MNQZ5.CME@RITHMIC,25626.5,BUY,STOP,,1,0.0
2025-11-11 07:08:17.643127-05:00,MNQZ5.CME@RITHMIC,25629.25,BUY,STOP,,1,0.0
2025-11-11 07:08:17.643134-05:00,MNQZ5.CME@RITHMIC,25629.25,BUY,STOP,,1,0.0
2025-11-11 07:08:18.432388-05:00,MNQZ5.CME@RITHMIC,25631.0,BUY,STOP,,1,0.0
2025-11-11 07:08:18.433296-05:00,MNQZ5.CME@RITHMIC,25631.0,BUY,STOP,,1,0.0
2025-11-11 07:08:18.433306-05:00,MNQZ5.CME@RITHMIC,25631.0,BUY,STOP,,1,0.0
2025-11-11 07:08:18.433324-05:00,MNQZ5.CME@RITHMIC,25631.0,BUY,STOP,,1,0.0
2025-11-11 07:08:18.433330-05:00,MNQZ5.CME@RITHMIC,25631.0,BUY,STOP,,1,0.0
2025-11-11 07:08:18.433340-05:00,MNQZ5.CME@RITHMIC,25631.0,BUY,STOP,,1,0.0
2025-11-11 07:08:44.040017-05:00,MNQZ5.CME@RITHMIC,25631.0,SELL,STOP,,1,0.0
2025-11-11 07:08:44.040023-05:00,MNQZ5.CME@RITHMIC,25631.0,SELL,STOP,,1,0.0
2025-11-11 07:09:07.645594-05:00,MNQZ5.CME@RITHMIC,25630.25,SELL,STOP,,1,0.0
2025-11-11 07:09:07.645612-05:00,MNQZ5.CME@RITHMIC,25630.25,SELL,STOP,,1,0.0
2025-11-11 07:09:07.645628-05:00,MNQZ5.CME@RITHMIC,25630.25,SELL,STOP,,1,0.0
2025-11-11 07:11:02.322301-05:00,MNQZ5.CME@RITHMIC,25633.75,BUY,STOP,,1,0.0
2025-11-11 07:11:02.322331-05:00,MNQZ5.CME@RITHMIC,25633.75,BUY,STOP,,1,0.0
2025-11-11 07:11:03.876644-05:00,MNQZ5.CME@RITHMIC,25634.25,BUY,STOP,,1,0.0
2025-11-11 07:11:03.876664-05:00,MNQZ5.CME@RITHMIC,25634.25,BUY,STOP,,1,0.0
2025-11-11 07:11:03.876670-05:00,MNQZ5.CME@RITHMIC,25634.25,BUY,STOP,,1,0.0
2025-11-11 07:11:03.876687-05:00,MNQZ5.CME@RITHMIC,25634.25,BUY,STOP,,1,0.0
2025-11-11 07:11:03.876694-05:00,MNQZ5.CME@RITHMIC,25634.25,BUY,STOP,,2,0.0
2025-11-11 07:11:03.876703-05:00,MNQZ5.CME@RITHMIC,25634.25,BUY,STOP,,1,0.0
2025-11-11 07:11:03.876707-05:00,MNQZ5.CME@RITHMIC,25634.5,BUY,STOP,,1,0.0
2025-11-11 07:11:37.456702-05:00,MNQZ5.CME@RITHMIC,25633.5,SELL,STOP,,1,0.0
2025-11-11 07:11:38.957825-05:00,MNQZ5.CME@RITHMIC,25633.0,SELL,STOP,,1,0.0
2025-11-11 07:11:40.221174-05:00,MNQZ5.CME@RITHMIC,25630.75,SELL,STOP,,1,0.0
2025-11-11 07:12:17.702792-05:00,MNQZ5.CME@RITHMIC,25631.75,SELL,STOP,,1,0.0
2025-11-11 07:12:23.793386-05:00,MNQZ5.CME@RITHMIC,25633.25,BUY,STOP,,1,0.0
2025-11-11 07:12:23.793410-05:00,MNQZ5.CME@RITHMIC,25633.25,BUY,STOP,,1,0.0
2025-11-11 07:13:00.340867-05:00,MNQZ5.CME@RITHMIC,25633.0,SELL,STOP,,1,0.0
2025-11-11 07:13:19.170097-05:00,MNQZ5.CME@RITHMIC,25632.5,SELL,STOP,,1,0.0
2025-11-11 07:13:22.839304-05:00,MNQZ5.CME@RITHMIC,25631.0,SELL,STOP,,1,0.0
2025-11-11 07:13:22.839309-05:00,MNQZ5.CME@RITHMIC,25631.0,SELL,STOP,,1,0.0
2025-11-11 07:13:31.167107-05:00,MNQZ5.CME@RITHMIC,25629.0,SELL,STOP,,1,0.0
2025-11-11 07:13:31.167117-05:00,MNQZ5.CME@RITHMIC,25629.0,SELL,STOP,,1,0.0
2025-11-11 07:13:31.167123-05:00,MNQZ5.CME@RITHMIC,25629.0,SELL,STOP,,1,0.0
2025-11-11 07:13:31.167134-05:00,MNQZ5.CME@RITHMIC,25629.0,SELL,STOP,,1,0.0
2025-11-11 07:13:31.912849-05:00,MNQZ5.CME@RITHMIC,25628.5,SELL,STOP,,1,0.0
2025-11-11 07:13:31.912951-05:00,MNQZ5.CME@RITHMIC,25628.5,SELL,STOP,,1,0.0
2025-11-11 07:13:31.912964-05:00,MNQZ5.CME@RITHMIC,25628.5,SELL,STOP,,1,0.0
2025-11-11 07:13:31.912986-05:00,MNQZ5.CME@RITHMIC,25628.25,SELL,STOP,,1,0.0
2025-11-11 07:13:31.912996-05:00,MNQZ5.CME@RITHMIC,25628.25,SELL,STOP,,1,0.0
2025-11-11 07:13:31.913012-05:00,MNQZ5.CME@RITHMIC,25628.25,SELL,STOP,,1,0.0
2025-11-11 07:13:40.978836-05:00,MNQZ5.CME@RITHMIC,25628.0,SELL,STOP,,1,0.0
2025-11-11 07:13:40.978877-05:00,MNQZ5.CME@RITHMIC,25628.0,SELL,STOP,,1,0.0
2025-11-11 07:13:41.090958-05:00,MNQZ5.CME@RITHMIC,25627.5,SELL,STOP,,1,0.0
2025-11-11 07:13:41.090964-05:00,MNQZ5.CME@RITHMIC,25627.5,SELL,STOP,,1,0.0
2025-11-11 07:13:41.090976-05:00,MNQZ5.CME@RITHMIC,25627.25,SELL,STOP,,1,0.0
2025-11-11 07:13:41.116763-05:00,MNQZ5.CME@RITHMIC,25627.0,SELL,STOP,,1,0.0
2025-11-11 07:13:41.116769-05:00,MNQZ5.CME@RITHMIC,25627.0,SELL,STOP,,1,0.0
2025-11-11 07:13:41.116782-05:00,MNQZ5.CME@RITHMIC,25627.0,SELL,STOP,,1,0.0
2025-11-11 07:14:20.624658-05:00,MNQZ5.CME@RITHMIC,25629.25,SELL,STOP,,1,0.0
2025-11-11 07:14:43.539060-05:00,MNQZ5.CME@RITHMIC,25632.25,BUY,STOP,,1,0.0
2025-11-11 07:15:11.828183-05:00,MNQZ5.CME@RITHMIC,25635.75,BUY,STOP,,1,0.0
2025-11-11 07:15:12.390611-05:00,MNQZ5.CME@RITHMIC,25636.0,BUY,STOP,,1,0.0
2025-11-11 07:15:12.390618-05:00,MNQZ5.CME@RITHMIC,25636.0,BUY,STOP,,1,0.0
2025-11-11 07:15:12.390627-05:00,MNQZ5.CME@RITHMIC,25636.0,BUY,STOP,,1,0.0
2025-11-11 07:15:12.390630-05:00,MNQZ5.CME@RITHMIC,25636.0,BUY,STOP,,1,0.0
2025-11-11 07:15:12.390638-05:00,MNQZ5.CME@RITHMIC,25636.0,BUY,STOP,,1,0.0
2025-11-11 07:15:43.423593-05:00,MNQZ5.CME@RITHMIC,25639.0,BUY,STOP,,1,0.0
2025-11-11 07:15:43.423616-05:00,MNQZ5.CME@RITHMIC,25639.0,BUY,STOP,,1,0.0
2025-11-11 07:15:43.423622-05:00,MNQZ5.CME@RITHMIC,25639.0,BUY,STOP,,1,0.0
2025-11-11 07:16:10.399383-05:00,MNQZ5.CME@RITHMIC,25634.75,SELL,STOP,,1,0.0
2025-11-11 07:16:10.400118-05:00,MNQZ5.CME@RITHMIC,25634.5,SELL,STOP,,1,0.0
2025-11-11 07:16:10.400124-05:00,MNQZ5.CME@RITHMIC,25634.5,SELL,STOP,,1,0.0
2025-11-11 07:16:10.833668-05:00,MNQZ5.CME@RITHMIC,25633.75,SELL,STOP,,1,0.0
2025-11-11 07:16:10.833681-05:00,MNQZ5.CME@RITHMIC,25633.75,SELL,STOP,,1,0.0
2025-11-11 07:16:10.833700-05:00,MNQZ5.CME@RITHMIC,25633.75,SELL,STOP,,1,0.0
2025-11-11 07:16:11.363219-05:00,MNQZ5.CME@RITHMIC,25635.75,BUY,STOP,,1,0.0
2025-11-11 07:16:11.363229-05:00,MNQZ5.CME@RITHMIC,25635.75,BUY,STOP,,1,0.0
2025-11-11 07:16:11.363393-05:00,MNQZ5.CME@RITHMIC,25635.75,BUY,STOP,,1,0.0
2025-11-11 07:16:11.363399-05:00,MNQZ5.CME@RITHMIC,25635.75,BUY,STOP,,1,0.0
2025-11-11 07:16:43.634781-05:00,MNQZ5.CME@RITHMIC,25630.25,SELL,STOP,,1,0.0
2025-11-11 07:16:43.634786-05:00,MNQZ5.CME@RITHMIC,25630.25,SELL,STOP,,1,0.0
2025-11-11 07:16:43.634796-05:00,MNQZ5.CME@RITHMIC,25630.25,SELL,STOP,,1,0.0
2025-11-11 07:16:43.634801-05:00,MNQZ5.CME@RITHMIC,25630.25,SELL,STOP,,1,0.0
2025-11-11 07:17:19.205103-05:00,MNQZ5.CME@RITHMIC,25630.25,BUY,STOP,,1,0.0
2025-11-11 07:18:13.243266-05:00,MNQZ5.CME@RITHMIC,25622.75,SELL,STOP,,1,0.0
2025-11-11 07:18:21.246604-05:00,MNQZ5.CME@RITHMIC,25622.25,SELL,STOP,,2,0.0
2025-11-11 07:18:21.246610-05:00,MNQZ5.CME@RITHMIC,25622.0,SELL,STOP,,1,0.0
2025-11-11 07:18:21.246620-05:00,MNQZ5.CME@RITHMIC,25622.0,SELL,STOP,,1,0.0
2025-11-11 07:18:21.246626-05:00,MNQZ5.CME@RITHMIC,25622.0,SELL,STOP,,1,0.0
2025-11-11 07:18:21.246635-05:00,MNQZ5.CME@RITHMIC,25622.0,SELL,STOP,,1,0.0
2025-11-11 07:18:37.709574-05:00,MNQZ5.CME@RITHMIC,25622.5,SELL,STOP,,1,0.0
2025-11-11 07:19:15.962877-05:00,MNQZ5.CME@RITHMIC,25622.75,BUY,STOP,,1,0.0
2025-11-11 07:20:00.841234-05:00,MNQZ5.CME@RITHMIC,25624.0,BUY,STOP,,1,0.0
2025-11-11 07:20:00.841280-05:00,MNQZ5.CME@RITHMIC,25624.0,BUY,STOP,,1,0.0
2025-11-11 07:20:00.841286-05:00,MNQZ5.CME@RITHMIC,25624.0,BUY,STOP,,1,0.0
2025-11-11 07:20:00.841297-05:00,MNQZ5.CME@RITHMIC,25624.0,BUY,STOP,,2,0.0
2025-11-11 07:20:00.841300-05:00,MNQZ5.CME@RITHMIC,25624.0,BUY,STOP,,1,0.0
2025-11-11 07:20:00.841307-05:00,MNQZ5.CME@RITHMIC,25624.0,BUY,STOP,,1,0.0
2025-11-11 07:20:00.841311-05:00,MNQZ5.CME@RITHMIC,25624.25,BUY,STOP,,1,0.0
2025-11-11 07:20:38.525358-05:00,MNQZ5.CME@RITHMIC,25617.25,SELL,STOP,,1,0.0
2025-11-11 07:20:49.041598-05:00,MNQZ5.CME@RITHMIC,25619.75,BUY,STOP,,1,0.0
2025-11-11 07:21:02.614892-05:00,MNQZ5.CME@RITHMIC,25618.25,SELL,STOP,,1,0.0
2025-11-11 07:22:07.024347-05:00,MNQZ5.CME@RITHMIC,25623.5,SELL,STOP,,1,0.0
2025-11-11 07:22:36.128043-05:00,MNQZ5.CME@RITHMIC,25625.0,BUY,STOP,,1,0.0
2025-11-11 07:22:36.128064-05:00,MNQZ5.CME@RITHMIC,25625.0,BUY,STOP,,1,0.0
2025-11-11 07:22:38.119362-05:00,MNQZ5.CME@RITHMIC,25625.75,BUY,STOP,,1,0.0
2025-11-11 07:22:38.119380-05:00,MNQZ5.CME@RITHMIC,25625.75,BUY,STOP,,1,0.0
2025-11-11 07:22:38.119387-05:00,MNQZ5.CME@RITHMIC,25625.75,BUY,STOP,,1,0.0
2025-11-11 07:22:44.162776-05:00,MNQZ5.CME@RITHMIC,25627.0,BUY,STOP,,1,0.0
2025-11-11 07:22:44.162787-05:00,MNQZ5.CME@RITHMIC,25627.0,BUY,STOP,,1,0.0
2025-11-11 07:22:44.162793-05:00,MNQZ5.CME@RITHMIC,25627.0,BUY,STOP,,2,0.0
2025-11-11 07:22:44.162802-05:00,MNQZ5.CME@RITHMIC,25627.0,BUY,STOP,,2,0.0
2025-11-11 07:22:44.162809-05:00,MNQZ5.CME@RITHMIC,25627.0,BUY,STOP,,1,0.0
2025-11-11 07:22:44.163710-05:00,MNQZ5.CME@RITHMIC,25627.0,BUY,STOP,,2,0.0
2025-11-11 07:22:44.163715-05:00,MNQZ5.CME@RITHMIC,25627.0,BUY,STOP,,1,0.0
2025-11-11 07:22:44.163727-05:00,MNQZ5.CME@RITHMIC,25627.25,BUY,STOP,,1,0.0
2025-11-11 07:22:44.163731-05:00,MNQZ5.CME@RITHMIC,25627.25,BUY,STOP,,1,0.0
2025-11-11 07:22:44.163776-05:00,MNQZ5.CME@RITHMIC,25627.25,BUY,STOP,,1,0.0
2025-11-11 07:22:44.163780-05:00,MNQZ5.CME@RITHMIC,25627.25,BUY,STOP,,1,0.0
2025-11-11 07:22:44.163788-05:00,MNQZ5.CME@RITHMIC,25627.25,BUY,STOP,,2,0.0
2025-11-11 07:22:44.163792-05:00,MNQZ5.CME@RITHMIC,25627.25,BUY,STOP,,1,0.0
2025-11-11 07:22:44.184511-05:00,MNQZ5.CME@RITHMIC,25627.75,BUY,STOP,,1,0.0
2025-11-11 07:22:44.203827-05:00,MNQZ5.CME@RITHMIC,25628.25,BUY,STOP,,1,0.0
2025-11-11 07:22:44.232994-05:00,MNQZ5.CME@RITHMIC,25629.0,BUY,STOP,,1,0.0
2025-11-11 07:22:44.233012-05:00,MNQZ5.CME@RITHMIC,25629.0,BUY,STOP,,1,0.0
2025-11-11 07:22:44.233023-05:00,MNQZ5.CME@RITHMIC,25629.0,BUY,STOP,,2,0.0
2025-11-11 07:22:44.233040-05:00,MNQZ5.CME@RITHMIC,25629.0,BUY,STOP,,1,0.0
2025-11-11 07:22:44.233046-05:00,MNQZ5.CME@RITHMIC,25629.0,BUY,STOP,,1,0.0
2025-11-11 07:22:44.233057-05:00,MNQZ5.CME@RITHMIC,25629.25,BUY,STOP,,1,0.0
2025-11-11 07:22:44.233064-05:00,MNQZ5.CME@RITHMIC,25629.25,BUY,STOP,,2,0.0
2025-11-11 07:22:44.233075-05:00,MNQZ5.CME@RITHMIC,25629.25,BUY,STOP,,2,0.0
2025-11-11 07:22:44.233081-05:00,MNQZ5.CME@RITHMIC,25629.25,BUY,STOP,,1,0.0
2025-11-11 07:22:44.233108-05:00,MNQZ5.CME@RITHMIC,25629.25,BUY,STOP,,1,0.0
2025-11-11 07:22:44.233124-05:00,MNQZ5.CME@RITHMIC,25629.25,BUY,STOP,,1,0.0
2025-11-11 07:22:44.233143-05:00,MNQZ5.CME@RITHMIC,25629.25,BUY,STOP,,1,0.0
2025-11-11 07:22:44.233150-05:00,MNQZ5.CME@RITHMIC,25629.25,BUY,STOP,,1,0.0
2025-11-11 07:22:44.233160-05:00,MNQZ5.CME@RITHMIC,25629.25,BUY,STOP,,1,0.0
2025-11-11 07:22:45.758018-05:00,MNQZ5.CME@RITHMIC,25630.0,BUY,STOP,,2,0.0
2025-11-11 07:22:45.758880-05:00,MNQZ5.CME@RITHMIC,25630.0,BUY,STOP,,1,0.0
2025-11-11 07:22:45.758900-05:00,MNQZ5.CME@RITHMIC,25630.0,BUY,STOP,,3,0.0
2025-11-11 07:22:45.758924-05:00,MNQZ5.CME@RITHMIC,25630.0,BUY,STOP,,4,0.0
2025-11-11 07:23:05.420949-05:00,MNQZ5.CME@RITHMIC,25629.5,SELL,STOP,,1,0.0
2025-11-11 07:23:05.420964-05:00,MNQZ5.CME@RITHMIC,25629.5,SELL,STOP,,1,0.0
2025-11-11 07:23:05.420991-05:00,MNQZ5.CME@RITHMIC,25629.25,SELL,STOP,,1,0.0
2025-11-11 07:23:05.420999-05:00,MNQZ5.CME@RITHMIC,25629.25,SELL,STOP,,1,0.0
2025-11-11 07:23:05.421009-05:00,MNQZ5.CME@RITHMIC,25629.25,SELL,STOP,,1,0.0
2025-11-11 07:23:05.421018-05:00,MNQZ5.CME@RITHMIC,25629.25,SELL,STOP,,1,0.0
2025-11-11 07:23:05.421028-05:00,MNQZ5.CME@RITHMIC,25629.25,SELL,STOP,,1,0.0
2025-11-11 07:23:05.421033-05:00,MNQZ5.CME@RITHMIC,25629.25,SELL,STOP,,2,0.0
2025-11-11 07:23:11.469564-05:00,MNQZ5.CME@RITHMIC,25628.25,SELL,STOP,,1,0.0
2025-11-11 07:23:11.471613-05:00,MNQZ5.CME@RITHMIC,25628.25,SELL,STOP,,1,0.0
2025-11-11 07:23:11.471627-05:00,MNQZ5.CME@RITHMIC,25628.25,SELL,STOP,,1,0.0
2025-11-11 07:23:11.471662-05:00,MNQZ5.CME@RITHMIC,25628.25,SELL,STOP,,1,0.0
2025-11-11 07:23:26.402936-05:00,MNQZ5.CME@RITHMIC,25630.0,SELL,STOP,,1,0.0
2025-11-11 07:23:30.901443-05:00,MNQZ5.CME@RITHMIC,25629.5,SELL,STOP,,1,0.0
2025-11-11 07:23:36.651977-05:00,MNQZ5.CME@RITHMIC,25626.75,SELL,STOP,,1,0.0
2025-11-11 07:26:48.572192-05:00,MNQZ5.CME@RITHMIC,25625.75,BUY,STOP,,1,0.0
2025-11-11 07:26:50.270288-05:00,MNQZ5.CME@RITHMIC,25626.5,BUY,STOP,,1,0.0
2025-11-11 07:26:50.270294-05:00,MNQZ5.CME@RITHMIC,25626.5,BUY,STOP,,1,0.0
2025-11-11 07:26:50.270304-05:00,MNQZ5.CME@RITHMIC,25626.75,BUY,STOP,,1,0.0
2025-11-11 07:26:50.270310-05:00,MNQZ5.CME@RITHMIC,25626.75,BUY,STOP,,1,0.0
2025-11-11 07:26:50.270318-05:00,MNQZ5.CME@RITHMIC,25626.75,BUY,STOP,,1,0.0
2025-11-11 07:26:51.211450-05:00,MNQZ5.CME@RITHMIC,25627.25,BUY,STOP,,1,0.0
2025-11-11 07:26:51.211456-05:00,MNQZ5.CME@RITHMIC,25627.25,BUY,STOP,,1,0.0
2025-11-11 07:26:51.211460-05:00,MNQZ5.CME@RITHMIC,25627.25,BUY,STOP,,2,0.0
2025-11-11 07:26:51.961502-05:00,MNQZ5.CME@RITHMIC,25627.5,BUY,STOP,,1,0.0
2025-11-11 07:26:51.961510-05:00,MNQZ5.CME@RITHMIC,25627.5,BUY,STOP,,1,0.0
2025-11-11 07:26:51.961513-05:00,MNQZ5.CME@RITHMIC,25627.75,BUY,STOP,,1,0.0
2025-11-11 07:27:05.606533-05:00,MNQZ5.CME@RITHMIC,25628.0,SELL,STOP,,1,0.0
2025-11-11 07:27:09.885850-05:00,MNQZ5.CME@RITHMIC,25629.5,BUY,STOP,,1,0.0
2025-11-11 07:27:35.813466-05:00,MNQZ5.CME@RITHMIC,25621.5,SELL,STOP,,1,0.0
2025-11-11 07:27:55.433410-05:00,MNQZ5.CME@RITHMIC,25619.5,SELL,STOP,,1,0.0
2025-11-11 07:27:55.433416-05:00,MNQZ5.CME@RITHMIC,25619.5,SELL,STOP,,1,0.0
2025-11-11 07:27:59.482885-05:00,MNQZ5.CME@RITHMIC,25619.0,SELL,STOP,,1,0.0
2025-11-11 07:27:59.483785-05:00,MNQZ5.CME@RITHMIC,25619.0,SELL,STOP,,1,0.0
2025-11-11 07:27:59.483799-05:00,MNQZ5.CME@RITHMIC,25619.0,SELL,STOP,,2,0.0
2025-11-11 07:28:55.181192-05:00,MNQZ5.CME@RITHMIC,25624.25,BUY,STOP,,1,0.0
2025-11-11 07:28:55.181318-05:00,MNQZ5.CME@RITHMIC,25624.25,BUY,STOP,,1,0.0
2025-11-11 07:28:55.181336-05:00,MNQZ5.CME@RITHMIC,25624.25,BUY,STOP,,1,0.0
2025-11-11 07:29:01.829863-05:00,MNQZ5.CME@RITHMIC,25623.5,SELL,STOP,,1,0.0
2025-11-11 07:29:08.262604-05:00,MNQZ5.CME@RITHMIC,25624.25,BUY,STOP,,1,0.0
2025-11-11 07:29:08.262627-05:00,MNQZ5.CME@RITHMIC,25624.25,BUY,STOP,,1,0.0
2025-11-11 07:29:08.262632-05:00,MNQZ5.CME@RITHMIC,25624.25,BUY,STOP,,1,0.0
2025-11-11 07:29:08.262645-05:00,MNQZ5.CME@RITHMIC,25624.5,BUY,STOP,,1,0.0
2025-11-11 07:29:29.018576-05:00,MNQZ5.CME@RITHMIC,25623.25,SELL,STOP,,1,0.0
2025-11-11 07:30:27.701508-05:00,MNQZ5.CME@RITHMIC,25619.0,SELL,STOP,,1,0.0
2025-11-11 07:31:30.350586-05:00,MNQZ5.CME@RITHMIC,25623.0,BUY,STOP,,3,0.0
2025-11-11 07:31:30.350591-05:00,MNQZ5.CME@RITHMIC,25623.25,BUY,STOP,,1,0.0
2025-11-11 07:31:49.924509-05:00,MNQZ5.CME@RITHMIC,25623.75,SELL,STOP,,1,0.0
2025-11-11 07:31:52.777810-05:00,MNQZ5.CME@RITHMIC,25625.75,BUY,STOP,,1,0.0
2025-11-11 07:31:52.777836-05:00,MNQZ5.CME@RITHMIC,25626.0,BUY,STOP,,1,0.0
2025-11-11 07:31:52.777843-05:00,MNQZ5.CME@RITHMIC,25626.0,BUY,STOP,,1,0.0
2025-11-11 07:31:52.777857-05:00,MNQZ5.CME@RITHMIC,25626.0,BUY,STOP,,1,0.0
2025-11-11 07:31:52.777863-05:00,MNQZ5.CME@RITHMIC,25626.0,BUY,STOP,,1,0.0
2025-11-11 07:31:52.777882-05:00,MNQZ5.CME@RITHMIC,25626.0,BUY,STOP,,1,0.0
2025-11-11 07:31:52.777886-05:00,MNQZ5.CME@RITHMIC,25626.0,BUY,STOP,,1,0.0
2025-11-11 07:31:52.777893-05:00,MNQZ5.CME@RITHMIC,25626.25,BUY,STOP,,1,0.0
2025-11-11 07:31:52.777898-05:00,MNQZ5.CME@RITHMIC,25626.25,BUY,STOP,,1,0.0
2025-11-11 07:31:52.777906-05:00,MNQZ5.CME@RITHMIC,25626.25,BUY,STOP,,1,0.0
2025-11-11 07:31:52.777909-05:00,MNQZ5.CME@RITHMIC,25626.25,BUY,STOP,,1,0.0
2025-11-11 07:32:02.550617-05:00,MNQZ5.CME@RITHMIC,25622.25,SELL,STOP,,1,0.0
2025-11-11 07:32:07.621196-05:00,MNQZ5.CME@RITHMIC,25621.75,SELL,STOP,,1,0.0
2025-11-11 07:32:18.398018-05:00,MNQZ5.CME@RITHMIC,25619.75,SELL,STOP,,1,0.0
2025-11-11 07:32:18.398038-05:00,MNQZ5.CME@RITHMIC,25619.75,SELL,STOP,,1,0.0
2025-11-11 07:32:18.398046-05:00,MNQZ5.CME@RITHMIC,25619.75,SELL,STOP,,1,0.0
2025-11-11 07:32:19.264211-05:00,MNQZ5.CME@RITHMIC,25618.75,SELL,STOP,,1,0.0
2025-11-11 07:32:19.264239-05:00,MNQZ5.CME@RITHMIC,25618.75,SELL,STOP,,1,0.0
2025-11-11 07:32:19.264245-05:00,MNQZ5.CME@RITHMIC,25618.5,SELL,STOP,,1,0.0
2025-11-11 07:32:19.264256-05:00,MNQZ5.CME@RITHMIC,25618.5,SELL,STOP,,1,0.0
2025-11-11 07:32:19.264261-05:00,MNQZ5.CME@RITHMIC,25618.5,SELL,STOP,,1,0.0
2025-11-11 07:32:53.664849-05:00,MNQZ5.CME@RITHMIC,25623.5,SELL,STOP,,1,0.0
2025-11-11 07:33:05.448763-05:00,MNQZ5.CME@RITHMIC,25619.75,SELL,STOP,,1,0.0
2025-11-11 07:33:22.076007-05:00,MNQZ5.CME@RITHMIC,25617.75,SELL,STOP,,1,0.0
2025-11-11 07:33:22.076027-05:00,MNQZ5.CME@RITHMIC,25617.75,SELL,STOP,,1,0.0
2025-11-11 07:33:22.076037-05:00,MNQZ5.CME@RITHMIC,25617.75,SELL,STOP,,1,0.0
2025-11-11 07:33:22.076054-05:00,MNQZ5.CME@RITHMIC,25617.75,SELL,STOP,,1,0.0
2025-11-11 07:33:22.076065-05:00,MNQZ5.CME@RITHMIC,25617.75,SELL,STOP,,1,0.0
2025-11-11 07:33:45.466631-05:00,MNQZ5.CME@RITHMIC,25619.75,BUY,STOP,,1,0.0
2025-11-11 07:33:46.106521-05:00,MNQZ5.CME@RITHMIC,25620.5,BUY,STOP,,1,0.0
2025-11-11 07:33:51.352678-05:00,MNQZ5.CME@RITHMIC,25622.75,BUY,STOP,,1,0.0
2025-11-11 07:33:51.352683-05:00,MNQZ5.CME@RITHMIC,25622.75,BUY,STOP,,2,0.0
2025-11-11 07:35:06.327563-05:00,MNQZ5.CME@RITHMIC,25615.5,SELL,STOP,,1,0.0
2025-11-11 07:35:06.327567-05:00,MNQZ5.CME@RITHMIC,25615.5,SELL,STOP,,1,0.0
2025-11-11 07:35:06.327574-05:00,MNQZ5.CME@RITHMIC,25615.5,SELL,STOP,,1,0.0
2025-11-11 07:35:06.329346-05:00,MNQZ5.CME@RITHMIC,25615.5,SELL,STOP,,1,0.0
2025-11-11 07:35:06.329351-05:00,MNQZ5.CME@RITHMIC,25615.5,SELL,STOP,,1,0.0
2025-11-11 07:35:06.329364-05:00,MNQZ5.CME@RITHMIC,25615.5,SELL,STOP,,1,0.0
2025-11-11 07:35:06.329367-05:00,MNQZ5.CME@RITHMIC,25615.25,SELL,STOP,,1,0.0
2025-11-11 07:35:06.329545-05:00,MNQZ5.CME@RITHMIC,25615.25,SELL,STOP,,2,0.0
2025-11-11 07:35:06.329549-05:00,MNQZ5.CME@RITHMIC,25615.25,SELL,STOP,,2,0.0
2025-11-11 07:35:06.329558-05:00,MNQZ5.CME@RITHMIC,25615.25,SELL,STOP,,1,0.0
2025-11-11 07:35:06.329562-05:00,MNQZ5.CME@RITHMIC,25615.25,SELL,STOP,,1,0.0
2025-11-11 07:35:06.329570-05:00,MNQZ5.CME@RITHMIC,25615.25,SELL,STOP,,1,0.0
2025-11-11 07:35:06.329575-05:00,MNQZ5.CME@RITHMIC,25615.25,SELL,STOP,,1,0.0
2025-11-11 07:35:06.329583-05:00,MNQZ5.CME@RITHMIC,25615.25,SELL,STOP,,1,0.0
2025-11-11 07:35:06.329586-05:00,MNQZ5.CME@RITHMIC,25615.25,SELL,STOP,,1,0.0
2025-11-11 07:35:06.329593-05:00,MNQZ5.CME@RITHMIC,25615.25,SELL,STOP,,1,0.0
2025-11-11 07:35:36.463408-05:00,MNQZ5.CME@RITHMIC,25617.5,BUY,STOP,,1,0.0
2025-11-11 07:35:58.680601-05:00,MNQZ5.CME@RITHMIC,25613.5,SELL,STOP,,1,0.0
2025-11-11 07:37:34.391960-05:00,MNQZ5.CME@RITHMIC,25598.0,SELL,STOP,,1,0.0
2025-11-11 07:41:22.275138-05:00,MNQZ5.CME@RITHMIC,25589.25,BUY,STOP,,1,0.0
2025-11-11 07:41:22.275150-05:00,MNQZ5.CME@RITHMIC,25589.25,BUY,STOP,,1,0.0
2025-11-11 07:41:22.275174-05:00,MNQZ5.CME@RITHMIC,25589.25,BUY,STOP,,1,0.0
2025-11-11 07:41:40.292101-05:00,MNQZ5.CME@RITHMIC,25584.25,SELL,STOP,,1,0.0
2025-11-11 07:41:40.292108-05:00,MNQZ5.CME@RITHMIC,25584.25,SELL,STOP,,1,0.0
2025-11-11 07:41:40.292111-05:00,MNQZ5.CME@RITHMIC,25584.25,SELL,STOP,,1,0.0
2025-11-11 07:41:40.292123-05:00,MNQZ5.CME@RITHMIC,25584.25,SELL,STOP,,1,0.0
2025-11-11 07:41:58.831817-05:00,MNQZ5.CME@RITHMIC,25589.75,BUY,STOP,,1,0.0
2025-11-11 07:41:58.831827-05:00,MNQZ5.CME@RITHMIC,25589.75,BUY,STOP,,1,0.0
2025-11-11 07:41:58.832748-05:00,MNQZ5.CME@RITHMIC,25589.75,BUY,STOP,,1,0.0
2025-11-11 07:46:11.615667-05:00,MNQZ5.CME@RITHMIC,25600.5,BUY,STOP,,1,0.0
2025-11-11 07:46:11.615680-05:00,MNQZ5.CME@RITHMIC,25600.5,BUY,STOP,,1,0.0
2025-11-11 07:46:11.615702-05:00,MNQZ5.CME@RITHMIC,25600.5,BUY,STOP,,1,0.0
2025-11-11 07:46:12.290608-05:00,MNQZ5.CME@RITHMIC,25599.75,SELL,STOP,,1,0.0
2025-11-11 07:46:12.290626-05:00,MNQZ5.CME@RITHMIC,25599.75,SELL,STOP,,1,0.0
2025-11-11 07:46:12.290632-05:00,MNQZ5.CME@RITHMIC,25599.75,SELL,STOP,,1,0.0
2025-11-11 07:46:43.379638-05:00,MNQZ5.CME@RITHMIC,25598.25,SELL,STOP,,1,0.0
2025-11-11 07:46:43.379670-05:00,MNQZ5.CME@RITHMIC,25598.25,SELL,STOP,,1,0.0
2025-11-11 07:47:54.273765-05:00,MNQZ5.CME@RITHMIC,25596.75,BUY,STOP,,1,0.0
2025-11-11 07:48:38.954984-05:00,MNQZ5.CME@RITHMIC,25592.5,SELL,STOP,,1,0.0
2025-11-11 07:49:10.574566-05:00,MNQZ5.CME@RITHMIC,25591.25,SELL,STOP,,1,0.0
2025-11-11 07:49:10.574574-05:00,MNQZ5.CME@RITHMIC,25591.25,SELL,STOP,,1,0.0
2025-11-11 07:49:10.574596-05:00,MNQZ5.CME@RITHMIC,25591.25,SELL,STOP,,1,0.0
2025-11-11 07:49:27.224809-05:00,MNQZ5.CME@RITHMIC,25588.75,SELL,STOP,,1,0.0
2025-11-11 07:50:04.035248-05:00,MNQZ5.CME@RITHMIC,25587.25,BUY,STOP,,1,0.0
2025-11-11 07:51:19.166306-05:00,MNQZ5.CME@RITHMIC,25588.25,BUY,STOP,,1,0.0
2025-11-11 07:51:19.166324-05:00,MNQZ5.CME@RITHMIC,25588.25,BUY,STOP,,1,0.0
2025-11-11 07:52:21.572927-05:00,MNQZ5.CME@RITHMIC,25590.75,SELL,STOP,,1,0.0
2025-11-11 07:52:21.572933-05:00,MNQZ5.CME@RITHMIC,25590.75,SELL,STOP,,1,0.0
2025-11-11 07:52:50.211583-05:00,MNQZ5.CME@RITHMIC,25591.25,SELL,STOP,,1,0.0
2025-11-11 07:52:53.945390-05:00,MNQZ5.CME@RITHMIC,25592.0,SELL,STOP,,1,0.0
2025-11-11 07:52:58.757777-05:00,MNQZ5.CME@RITHMIC,25592.25,SELL,STOP,,1,0.0
2025-11-11 07:52:58.757783-05:00,MNQZ5.CME@RITHMIC,25592.25,SELL,STOP,,1,0.0
2025-11-11 07:53:38.029201-05:00,MNQZ5.CME@RITHMIC,25597.0,BUY,STOP,,1,0.0
2025-11-11 07:53:40.111482-05:00,MNQZ5.CME@RITHMIC,25595.0,SELL,STOP,,1,0.0
2025-11-11 07:53:40.111497-05:00,MNQZ5.CME@RITHMIC,25594.75,SELL,STOP,,1,0.0
2025-11-11 07:53:40.111556-05:00,MNQZ5.CME@RITHMIC,25594.75,SELL,STOP,,1,0.0
2025-11-11 07:58:03.645291-05:00,MNQZ5.CME@RITHMIC,25591.25,BUY,STOP,,1,0.0
2025-11-11 08:01:56.282126-05:00,MNQZ5.CME@RITHMIC,25598.25,SELL,STOP,,1,0.0
2025-11-11 08:01:56.282141-05:00,MNQZ5.CME@RITHMIC,25598.0,SELL,STOP,,1,0.0
2025-11-11 08:02:29.090502-05:00,MNQZ5.CME@RITHMIC,25600.75,BUY,STOP,,1,0.0
2025-11-11 08:02:29.090512-05:00,MNQZ5.CME@RITHMIC,25600.75,BUY,STOP,,1,0.0
2025-11-11 08:03:51.277393-05:00,MNQZ5.CME@RITHMIC,25597.25,SELL,STOP,,1,0.0
2025-11-11 08:03:51.277448-05:00,MNQZ5.CME@RITHMIC,25597.25,SELL,STOP,,1,0.0
2025-11-11 08:03:54.893578-05:00,MNQZ5.CME@RITHMIC,25596.75,SELL,STOP,,1,0.0
2025-11-11 08:04:16.165963-05:00,MNQZ5.CME@RITHMIC,25600.0,BUY,STOP,,2,0.0
2025-11-11 08:04:16.165988-05:00,MNQZ5.CME@RITHMIC,25600.0,BUY,STOP,,2,0.0
2025-11-11 08:04:16.165994-05:00,MNQZ5.CME@RITHMIC,25600.0,BUY,STOP,,1,0.0
2025-11-11 08:04:26.167871-05:00,MNQZ5.CME@RITHMIC,25601.5,BUY,STOP,,1,0.0
2025-11-11 08:04:32.015469-05:00,MNQZ5.CME@RITHMIC,25600.75,SELL,STOP,,1,0.0
2025-11-11 08:06:38.123678-05:00,MNQZ5.CME@RITHMIC,25596.5,BUY,STOP,,1,0.0
2025-11-11 08:06:38.123694-05:00,MNQZ5.CME@RITHMIC,25596.75,BUY,STOP,,1,0.0
2025-11-11 08:06:38.123700-05:00,MNQZ5.CME@RITHMIC,25596.75,BUY,STOP,,1,0.0
2025-11-11 08:06:38.123720-05:00,MNQZ5.CME@RITHMIC,25596.75,BUY,STOP,,1,0.0
2025-11-11 08:06:38.123724-05:00,MNQZ5.CME@RITHMIC,25596.75,BUY,STOP,,1,0.0
2025-11-11 08:07:34.187410-05:00,MNQZ5.CME@RITHMIC,25600.5,BUY,STOP,,1,0.0
2025-11-11 08:07:34.187425-05:00,MNQZ5.CME@RITHMIC,25600.5,BUY,STOP,,1,0.0
2025-11-11 08:10:07.677164-05:00,MNQZ5.CME@RITHMIC,25617.25,SELL,STOP,,1,0.0
2025-11-11 08:10:07.677174-05:00,MNQZ5.CME@RITHMIC,25617.25,SELL,STOP,,2,0.0
2025-11-11 08:10:07.677180-05:00,MNQZ5.CME@RITHMIC,25617.25,SELL,STOP,,2,0.0
2025-11-11 08:10:07.677192-05:00,MNQZ5.CME@RITHMIC,25617.25,SELL,STOP,,1,0.0
2025-11-11 08:10:07.677197-05:00,MNQZ5.CME@RITHMIC,25617.25,SELL,STOP,,1,0.0
2025-11-11 08:10:33.554571-05:00,MNQZ5.CME@RITHMIC,25616.5,SELL,STOP,,1,0.0
2025-11-11 08:10:33.554575-05:00,MNQZ5.CME@RITHMIC,25616.5,SELL,STOP,,1,0.0
2025-11-11 08:10:33.554699-05:00,MNQZ5.CME@RITHMIC,25616.5,SELL,STOP,,1,0.0
2025-11-11 08:10:33.554702-05:00,MNQZ5.CME@RITHMIC,25616.5,SELL,STOP,,1,0.0
2025-11-11 08:10:33.554710-05:00,MNQZ5.CME@RITHMIC,25616.5,SELL,STOP,,2,0.0
2025-11-11 08:10:33.554714-05:00,MNQZ5.CME@RITHMIC,25616.5,SELL,STOP,,5,0.0
2025-11-11 08:10:33.554720-05:00,MNQZ5.CME@RITHMIC,25616.5,SELL,STOP,,1,0.0
2025-11-11 08:10:33.554725-05:00,MNQZ5.CME@RITHMIC,25616.25,SELL,STOP,,1,0.0
2025-11-11 08:10:33.554735-05:00,MNQZ5.CME@RITHMIC,25616.25,SELL,STOP,,1,0.0
2025-11-11 08:10:33.554741-05:00,MNQZ5.CME@RITHMIC,25616.25,SELL,STOP,,1,0.0
2025-11-11 08:10:36.421379-05:00,MNQZ5.CME@RITHMIC,25615.0,SELL,STOP,,1,0.0
2025-11-11 08:10:36.421387-05:00,MNQZ5.CME@RITHMIC,25615.0,SELL,STOP,,1,0.0
2025-11-11 08:11:15.651939-05:00,MNQZ5.CME@RITHMIC,25620.0,BUY,STOP,,1,0.0
2025-11-11 08:11:15.651945-05:00,MNQZ5.CME@RITHMIC,25620.0,BUY,STOP,,1,0.0
2025-11-11 08:11:15.651954-05:00,MNQZ5.CME@RITHMIC,25620.0,BUY,STOP,,1,0.0
2025-11-11 08:11:15.651958-05:00,MNQZ5.CME@RITHMIC,25620.0,BUY,STOP,,1,0.0
2025-11-11 08:11:15.651965-05:00,MNQZ5.CME@RITHMIC,25620.0,BUY,STOP,,1,0.0
2025-11-11 08:11:15.651972-05:00,MNQZ5.CME@RITHMIC,25620.0,BUY,STOP,,1,0.0
2025-11-11 08:11:15.651983-05:00,MNQZ5.CME@RITHMIC,25620.0,BUY,STOP,,1,0.0
2025-11-11 08:11:15.651989-05:00,MNQZ5.CME@RITHMIC,25620.0,BUY,STOP,,1,0.0
2025-11-11 08:11:15.652680-05:00,MNQZ5.CME@RITHMIC,25620.0,BUY,STOP,,1,0.0
2025-11-11 08:11:15.652689-05:00,MNQZ5.CME@RITHMIC,25620.0,BUY,STOP,,1,0.0
2025-11-11 08:11:15.652765-05:00,MNQZ5.CME@RITHMIC,25620.0,BUY,STOP,,1,0.0
2025-11-11 08:11:15.652771-05:00,MNQZ5.CME@RITHMIC,25620.0,BUY,STOP,,2,0.0
2025-11-11 08:11:15.652781-05:00,MNQZ5.CME@RITHMIC,25620.0,BUY,STOP,,1,0.0
2025-11-11 08:11:15.652786-05:00,MNQZ5.CME@RITHMIC,25620.0,BUY,STOP,,1,0.0
2025-11-11 08:11:15.652796-05:00,MNQZ5.CME@RITHMIC,25620.0,BUY,STOP,,1,0.0
2025-11-11 08:11:15.652801-05:00,MNQZ5.CME@RITHMIC,25620.0,BUY,STOP,,1,0.0
2025-11-11 08:11:15.652811-05:00,MNQZ5.CME@RITHMIC,25620.0,BUY,STOP,,1,0.0
2025-11-11 08:11:15.652817-05:00,MNQZ5.CME@RITHMIC,25620.0,BUY,STOP,,1,0.0
2025-11-11 08:11:15.652827-05:00,MNQZ5.CME@RITHMIC,25620.25,BUY,STOP,,1,0.0
2025-11-11 08:11:15.652833-05:00,MNQZ5.CME@RITHMIC,25620.25,BUY,STOP,,1,0.0
2025-11-11 08:11:15.652842-05:00,MNQZ5.CME@RITHMIC,25620.25,BUY,STOP,,2,0.0
2025-11-11 08:11:15.652848-05:00,MNQZ5.CME@RITHMIC,25620.25,BUY,STOP,,1,0.0
2025-11-11 08:11:15.652858-05:00,MNQZ5.CME@RITHMIC,25620.25,BUY,STOP,,1,0.0
2025-11-11 08:11:15.652864-05:00,MNQZ5.CME@RITHMIC,25620.25,BUY,STOP,,1,0.0
2025-11-11 08:11:15.653687-05:00,MNQZ5.CME@RITHMIC,25620.25,BUY,STOP,,2,0.0
2025-11-11 08:11:15.653696-05:00,MNQZ5.CME@RITHMIC,25620.25,BUY,STOP,,1,0.0
2025-11-11 08:11:15.653938-05:00,MNQZ5.CME@RITHMIC,25620.25,BUY,STOP,,2,0.0
2025-11-11 08:11:15.653947-05:00,MNQZ5.CME@RITHMIC,25620.25,BUY,STOP,,1,0.0
2025-11-11 08:11:18.019020-05:00,MNQZ5.CME@RITHMIC,25620.5,BUY,STOP,,1,0.0
2025-11-11 08:11:18.019028-05:00,MNQZ5.CME@RITHMIC,25620.5,BUY,STOP,,1,0.0
2025-11-11 08:11:18.019042-05:00,MNQZ5.CME@RITHMIC,25620.5,BUY,STOP,,1,0.0
2025-11-11 08:11:18.030236-05:00,MNQZ5.CME@RITHMIC,25620.75,BUY,STOP,,1,0.0
2025-11-11 08:11:18.233088-05:00,MNQZ5.CME@RITHMIC,25621.0,BUY,STOP,,1,0.0
2025-11-11 08:11:18.233105-05:00,MNQZ5.CME@RITHMIC,25621.0,BUY,STOP,,1,0.0
2025-11-11 08:11:18.233109-05:00,MNQZ5.CME@RITHMIC,25621.0,BUY,STOP,,1,0.0
2025-11-11 08:11:36.007134-05:00,MNQZ5.CME@RITHMIC,25620.25,BUY,STOP,,1,0.0
2025-11-11 08:11:37.233255-05:00,MNQZ5.CME@RITHMIC,25618.5,SELL,STOP,,1,0.0
2025-11-11 08:11:46.376845-05:00,MNQZ5.CME@RITHMIC,25616.75,SELL,STOP,,1,0.0
2025-11-11 08:11:46.376866-05:00,MNQZ5.CME@RITHMIC,25616.75,SELL,STOP,,1,0.0
2025-11-11 08:11:46.376871-05:00,MNQZ5.CME@RITHMIC,25616.75,SELL,STOP,,1,0.0
2025-11-11 08:11:46.376884-05:00,MNQZ5.CME@RITHMIC,25616.75,SELL,STOP,,1,0.0
2025-11-11 08:11:46.376890-05:00,MNQZ5.CME@RITHMIC,25616.75,SELL,STOP,,1,0.0
2025-11-11 08:11:46.376900-05:00,MNQZ5.CME@RITHMIC,25616.75,SELL,STOP,,1,0.0
2025-11-11 08:11:46.376906-05:00,MNQZ5.CME@RITHMIC,25616.75,SELL,STOP,,1,0.0
2025-11-11 08:11:46.376916-05:00,MNQZ5.CME@RITHMIC,25616.5,SELL,STOP,,1,0.0
2025-11-11 08:11:46.377748-05:00,MNQZ5.CME@RITHMIC,25616.5,SELL,STOP,,1,0.0
2025-11-11 08:11:46.377757-05:00,MNQZ5.CME@RITHMIC,25616.5,SELL,STOP,,1,0.0
2025-11-11 08:11:48.814449-05:00,MNQZ5.CME@RITHMIC,25618.75,BUY,STOP,,1,0.0
2025-11-11 08:13:22.610582-05:00,MNQZ5.CME@RITHMIC,25618.0,SELL,STOP,,1,0.0
2025-11-11 08:13:31.709151-05:00,MNQZ5.CME@RITHMIC,25620.5,BUY,STOP,,1,0.0
2025-11-11 08:13:31.709172-05:00,MNQZ5.CME@RITHMIC,25620.5,BUY,STOP,,1,0.0
2025-11-11 08:13:31.709177-05:00,MNQZ5.CME@RITHMIC,25620.5,BUY,STOP,,3,0.0
2025-11-11 08:13:36.936814-05:00,MNQZ5.CME@RITHMIC,25621.0,BUY,STOP,,1,0.0
2025-11-11 08:14:39.881943-05:00,MNQZ5.CME@RITHMIC,25624.75,SELL,STOP,,1,0.0
2025-11-11 08:14:57.105484-05:00,MNQZ5.CME@RITHMIC,25623.75,SELL,STOP,,1,0.0
2025-11-11 08:15:06.225407-05:00,MNQZ5.CME@RITHMIC,25622.75,SELL,STOP,,1,0.0
2025-11-11 08:15:06.225420-05:00,MNQZ5.CME@RITHMIC,25622.75,SELL,STOP,,1,0.0
2025-11-11 08:15:06.225427-05:00,MNQZ5.CME@RITHMIC,25622.75,SELL,STOP,,1,0.0
2025-11-11 08:15:06.228629-05:00,MNQZ5.CME@RITHMIC,25622.5,SELL,STOP,,1,0.0
2025-11-11 08:15:06.228639-05:00,MNQZ5.CME@RITHMIC,25622.5,SELL,STOP,,1,0.0
2025-11-11 08:15:06.228645-05:00,MNQZ5.CME@RITHMIC,25622.5,SELL,STOP,,1,0.0
2025-11-11 08:18:04.497780-05:00,MNQZ5.CME@RITHMIC,25616.5,SELL,ICEBERG,DETECTION,1,0.0
2025-11-11 08:18:04.497794-05:00,MNQZ5.CME@RITHMIC,25616.5,SELL,ICEBERG,DETECTION,1,0.0
2025-11-11 08:18:04.497799-05:00,MNQZ5.CME@RITHMIC,25616.5,SELL,ICEBERG,DETECTION,1,0.0
2025-11-11 08:18:04.497811-05:00,MNQZ5.CME@RITHMIC,25616.5,SELL,ICEBERG,TRADE,1,0.0
2025-11-11 08:18:04.498731-05:00,MNQZ5.CME@RITHMIC,25616.5,SELL,ICEBERG,TRADE,1,0.0
2025-11-11 08:18:04.498741-05:00,MNQZ5.CME@RITHMIC,25616.5,SELL,ICEBERG,TRADE,2,0.0
2025-11-11 08:18:04.498768-05:00,MNQZ5.CME@RITHMIC,25616.5,SELL,ICEBERG,EXECUTION,0,0.0
2025-11-11 08:18:04.498775-05:00,MNQZ5.CME@RITHMIC,25616.5,SELL,ICEBERG,EXECUTION,0,0.0
2025-11-11 08:18:04.498818-05:00,MNQZ5.CME@RITHMIC,25616.5,SELL,ICEBERG,TRADE,1,0.0
2025-11-11 08:18:04.499773-05:00,MNQZ5.CME@RITHMIC,25616.5,SELL,ICEBERG,EXECUTION,0,0.0
2025-11-11 08:18:41.722583-05:00,MNQZ5.CME@RITHMIC,25611.75,SELL,STOP,,1,0.0
2025-11-11 08:18:41.722593-05:00,MNQZ5.CME@RITHMIC,25611.75,SELL,STOP,,1,0.0
2025-11-11 08:18:41.722600-05:00,MNQZ5.CME@RITHMIC,25611.75,SELL,STOP,,2,0.0
2025-11-11 08:18:41.722609-05:00,MNQZ5.CME@RITHMIC,25611.75,SELL,STOP,,2,0.0
2025-11-11 08:18:41.722615-05:00,MNQZ5.CME@RITHMIC,25611.75,SELL,STOP,,1,0.0
2025-11-11 08:18:41.722624-05:00,MNQZ5.CME@RITHMIC,25611.5,SELL,STOP,,1,0.0
2025-11-11 08:18:55.271759-05:00,MNQZ5.CME@RITHMIC,25611.0,SELL,STOP,,1,0.0
2025-11-11 08:18:55.271773-05:00,MNQZ5.CME@RITHMIC,25611.0,SELL,STOP,,1,0.0
2025-11-11 08:19:00.403461-05:00,MNQZ5.CME@RITHMIC,25610.5,SELL,STOP,,1,0.0
2025-11-11 08:19:00.404224-05:00,MNQZ5.CME@RITHMIC,25610.5,SELL,STOP,,1,0.0
2025-11-11 08:19:00.404238-05:00,MNQZ5.CME@RITHMIC,25610.5,SELL,STOP,,1,0.0
2025-11-11 08:19:00.404264-05:00,MNQZ5.CME@RITHMIC,25610.5,SELL,STOP,,2,0.0
2025-11-11 08:19:00.404275-05:00,MNQZ5.CME@RITHMIC,25610.5,SELL,STOP,,1,0.0
2025-11-11 08:19:00.404293-05:00,MNQZ5.CME@RITHMIC,25610.25,SELL,STOP,,1,0.0
2025-11-11 08:19:04.591725-05:00,MNQZ5.CME@RITHMIC,25613.0,BUY,STOP,,1,0.0
2025-11-11 08:19:07.724201-05:00,MNQZ5.CME@RITHMIC,25614.25,BUY,STOP,,1,0.0
2025-11-11 08:19:07.724209-05:00,MNQZ5.CME@RITHMIC,25614.25,BUY,STOP,,1,0.0
2025-11-11 08:19:09.230230-05:00,MNQZ5.CME@RITHMIC,25615.25,BUY,STOP,,1,0.0
2025-11-11 08:19:13.039919-05:00,MNQZ5.CME@RITHMIC,25615.75,BUY,STOP,,1,0.0
2025-11-11 08:19:37.792938-05:00,MNQZ5.CME@RITHMIC,25610.0,SELL,STOP,,1,0.0
2025-11-11 08:19:37.792957-05:00,MNQZ5.CME@RITHMIC,25610.0,SELL,STOP,,1,0.0
2025-11-11 08:19:37.793936-05:00,MNQZ5.CME@RITHMIC,25610.0,SELL,STOP,,2,0.0
2025-11-11 08:19:37.793945-05:00,MNQZ5.CME@RITHMIC,25610.0,SELL,STOP,,2,0.0
2025-11-11 08:19:37.793970-05:00,MNQZ5.CME@RITHMIC,25610.0,SELL,STOP,,1,0.0
2025-11-11 08:23:10.690694-05:00,MNQZ5.CME@RITHMIC,25602.0,SELL,STOP,,1,0.0
2025-11-11 08:23:10.690702-05:00,MNQZ5.CME@RITHMIC,25602.0,SELL,STOP,,1,0.0
2025-11-11 08:23:10.690719-05:00,MNQZ5.CME@RITHMIC,25602.0,SELL,STOP,,2,0.0
2025-11-11 08:23:10.690725-05:00,MNQZ5.CME@RITHMIC,25602.0,SELL,STOP,,1,0.0
2025-11-11 08:23:23.591073-05:00,MNQZ5.CME@RITHMIC,25607.25,BUY,STOP,,1,0.0
2025-11-11 08:23:23.591080-05:00,MNQZ5.CME@RITHMIC,25607.25,BUY,STOP,,1,0.0
2025-11-11 08:24:39.494464-05:00,MNQZ5.CME@RITHMIC,25592.5,SELL,STOP,,1,0.0
2025-11-11 08:24:40.686559-05:00,MNQZ5.CME@RITHMIC,25591.0,SELL,STOP,,1,0.0
2025-11-11 08:25:01.337788-05:00,MNQZ5.CME@RITHMIC,25589.25,SELL,STOP,,1,0.0
2025-11-11 08:26:15.589912-05:00,MNQZ5.CME@RITHMIC,25574.25,SELL,STOP,,1,0.0
2025-11-11 08:26:15.589929-05:00,MNQZ5.CME@RITHMIC,25574.25,SELL,STOP,,1,0.0
2025-11-11 08:26:15.589933-05:00,MNQZ5.CME@RITHMIC,25574.25,SELL,STOP,,1,0.0
2025-11-11 08:26:31.306438-05:00,MNQZ5.CME@RITHMIC,25576.25,SELL,STOP,,1,0.0
