timestamp,symbol,event_type,side,price,detected_size,estimated_total_size,fill_count,confidence_score,duration_ms,session_id,cbdr_window,iceberg_subtype
2025-11-13 06:50:18.759365,MNQZ5.CME@RITHMIC,STOP,SELL,25583.5,1,1,0,0.0,,MNQZ5.CME@RITHMIC_20251113_LONDON,OUTSIDE_CBDR,
2025-11-13 06:50:21.957821,MNQZ5.CME@RITHMIC,STOP,BUY,25585.0,1,1,0,0.0,,MNQZ5.CME@RITHMIC_20251113_LONDON,OUTSIDE_CBDR,
2025-11-13 06:50:21.957832,MNQZ5.CME@RITHMIC,STOP,BUY,25585.0,1,2,0,0.0,,MNQZ5.CME@RITHMIC_20251113_LONDON,OUTSIDE_CBDR,
2025-11-13 06:50:21.957838,MNQZ5.CME@RITHMIC,STOP,BUY,25585.0,1,3,0,0.0,,MNQZ5.CME@RITHMIC_20251113_LONDON,OUTSIDE_CBDR,
2025-11-13 06:50:22.010538,MNQZ5.CME@RITHMIC,STOP,BUY,25586.25,1,1,0,0.0,,MNQZ5.CME@RITHMIC_20251113_LONDON,OUTSIDE_CBDR,
2025-11-13 06:50:22.010544,MNQZ5.CME@RITHMIC,STOP,BUY,25586.25,1,2,0,0.0,,MNQZ5.CME@RITHMIC_20251113_LONDON,OUTSIDE_CBDR,
2025-11-13 06:50:22.010724,MNQZ5.CME@RITHMIC,STOP,BUY,25586.5,1,3,0,0.0,,MNQZ5.CME@RITHMIC_20251113_LONDON,OUTSIDE_CBDR,
2025-11-13 06:50:22.734119,MNQZ5.CME@RITHMIC,STOP,BUY,25587.0,1,1,0,0.0,,MNQZ5.CME@RITHMIC_20251113_LONDON,OUTSIDE_CBDR,
2025-11-13 06:50:22.734129,MNQZ5.CME@RITHMIC,STOP,BUY,25587.0,1,2,0,0.0,,MNQZ5.CME@RITHMIC_20251113_LONDON,OUTSIDE_CBDR,
2025-11-13 06:59:11.449812,MNQZ5.CME@RITHMIC,STOP,SELL,25587.75,1,1,0,0.0,,MNQZ5.CME@RITHMIC_20251113_LONDON,OUTSIDE_CBDR,
2025-11-13 06:59:11.449820,MNQZ5.CME@RITHMIC,STOP,SELL,25587.5,1,2,0,0.0,,MNQZ5.CME@RITHMIC_20251113_LONDON,OUTSIDE_CBDR,
2025-11-13 07:00:12.906081,MNQZ5.CME@RITHMIC,STOP,SELL,25591.25,1,1,0,0.0,,MNQZ5.CME@RITHMIC_20251113_LONDON,OUTSIDE_CBDR,
2025-11-13 07:00:51.973926,MNQZ5.CME@RITHMIC,STOP,SELL,25572.25,1,1,0,0.0,,MNQZ5.CME@RITHMIC_20251113_LONDON,OUTSIDE_CBDR,
2025-11-13 07:01:49.488704,MNQZ5.CME@RITHMIC,STOP,BUY,25578.75,1,1,0,0.0,,MNQZ5.CME@RITHMIC_20251113_LONDON,OUTSIDE_CBDR,
2025-11-13 07:01:52.355855,MNQZ5.CME@RITHMIC,STOP,BUY,25579.75,1,1,0,0.0,,MNQZ5.CME@RITHMIC_20251113_LONDON,OUTSIDE_CBDR,
2025-11-13 07:01:52.355875,MNQZ5.CME@RITHMIC,STOP,BUY,25579.75,1,2,0,0.0,,MNQZ5.CME@RITHMIC_20251113_LONDON,OUTSIDE_CBDR,
2025-11-13 07:01:52.359952,MNQZ5.CME@RITHMIC,STOP,BUY,25580.0,1,1,0,0.0,,MNQZ5.CME@RITHMIC_20251113_LONDON,OUTSIDE_CBDR,
2025-11-13 07:01:52.359961,MNQZ5.CME@RITHMIC,STOP,BUY,25580.25,1,2,0,0.0,,MNQZ5.CME@RITHMIC_20251113_LONDON,OUTSIDE_CBDR,
2025-11-13 07:01:52.359965,MNQZ5.CME@RITHMIC,STOP,BUY,25580.25,1,3,0,0.0,,MNQZ5.CME@RITHMIC_20251113_LONDON,OUTSIDE_CBDR,
2025-11-13 07:01:52.359972,MNQZ5.CME@RITHMIC,STOP,BUY,25580.25,1,4,0,0.0,,MNQZ5.CME@RITHMIC_20251113_LONDON,OUTSIDE_CBDR,
2025-11-13 07:04:29.396728,MNQZ5.CME@RITHMIC,STOP,BUY,25565.0,1,1,0,0.0,,MNQZ5.CME@RITHMIC_20251113_LONDON,OUTSIDE_CBDR,
2025-11-13 07:04:34.389256,MNQZ5.CME@RITHMIC,STOP,BUY,25567.0,1,1,0,0.0,,MNQZ5.CME@RITHMIC_20251113_LONDON,OUTSIDE_CBDR,
2025-11-13 07:04:34.389266,MNQZ5.CME@RITHMIC,STOP,BUY,25567.0,1,2,0,0.0,,MNQZ5.CME@RITHMIC_20251113_LONDON,OUTSIDE_CBDR,
2025-11-13 07:04:34.389272,MNQZ5.CME@RITHMIC,STOP,BUY,25567.25,1,3,0,0.0,,MNQZ5.CME@RITHMIC_20251113_LONDON,OUTSIDE_CBDR,
2025-11-13 07:12:21.865863,MNQZ5.CME@RITHMIC,STOP,SELL,25558.75,1,1,0,0.0,,MNQZ5.CME@RITHMIC_20251113_LONDON,OUTSIDE_CBDR,
2025-11-13 07:14:50.554907,MNQZ5.CME@RITHMIC,STOP,SELL,25560.5,1,1,0,0.0,,MNQZ5.CME@RITHMIC_20251113_LONDON,OUTSIDE_CBDR,
2025-11-13 07:15:28.375641,MNQZ5.CME@RITHMIC,STOP,BUY,25564.0,1,1,0,0.0,,MNQZ5.CME@RITHMIC_20251113_LONDON,OUTSIDE_CBDR,
2025-11-13 07:15:28.375657,MNQZ5.CME@RITHMIC,STOP,BUY,25564.0,1,2,0,0.0,,MNQZ5.CME@RITHMIC_20251113_LONDON,OUTSIDE_CBDR,
2025-11-13 07:15:33.124980,MNQZ5.CME@RITHMIC,STOP,BUY,25564.5,2,2,0,0.0,,MNQZ5.CME@RITHMIC_20251113_LONDON,OUTSIDE_CBDR,
2025-11-13 07:15:33.124991,MNQZ5.CME@RITHMIC,STOP,BUY,25564.5,1,3,0,0.0,,MNQZ5.CME@RITHMIC_20251113_LONDON,OUTSIDE_CBDR,
2025-11-13 07:15:33.125020,MNQZ5.CME@RITHMIC,STOP,BUY,25564.5,1,4,0,0.0,,MNQZ5.CME@RITHMIC_20251113_LONDON,OUTSIDE_CBDR,
2025-11-13 07:15:33.125026,MNQZ5.CME@RITHMIC,STOP,BUY,25564.5,1,5,0,0.0,,MNQZ5.CME@RITHMIC_20251113_LONDON,OUTSIDE_CBDR,
2025-11-13 07:17:30.519807,MNQZ5.CME@RITHMIC,STOP,SELL,25572.75,1,1,0,0.0,,MNQZ5.CME@RITHMIC_20251113_LONDON,OUTSIDE_CBDR,
2025-11-13 07:25:22.053047,MNQZ5.CME@RITHMIC,STOP,BUY,25564.25,1,1,0,0.0,,MNQZ5.CME@RITHMIC_20251113_LONDON,OUTSIDE_CBDR,
2025-11-13 07:25:22.722926,MNQZ5.CME@RITHMIC,STOP,BUY,25564.5,1,1,0,0.0,,MNQZ5.CME@RITHMIC_20251113_LONDON,OUTSIDE_CBDR,
2025-11-13 07:25:22.795872,MNQZ5.CME@RITHMIC,STOP,BUY,25565.5,1,1,0,0.0,,MNQZ5.CME@RITHMIC_20251113_LONDON,OUTSIDE_CBDR,
2025-11-13 07:25:43.858045,MNQZ5.CME@RITHMIC,STOP,SELL,25561.5,1,1,0,0.0,,MNQZ5.CME@RITHMIC_20251113_LONDON,OUTSIDE_CBDR,
2025-11-13 07:25:43.858064,MNQZ5.CME@RITHMIC,STOP,SELL,25561.5,1,2,0,0.0,,MNQZ5.CME@RITHMIC_20251113_LONDON,OUTSIDE_CBDR,
2025-11-13 07:25:43.858096,MNQZ5.CME@RITHMIC,STOP,SELL,25561.5,2,4,0,0.0,,MNQZ5.CME@RITHMIC_20251113_LONDON,OUTSIDE_CBDR,
2025-11-13 07:25:43.858106,MNQZ5.CME@RITHMIC,STOP,SELL,25561.5,1,5,0,0.0,,MNQZ5.CME@RITHMIC_20251113_LONDON,OUTSIDE_CBDR,
2025-11-13 07:27:49.015703,MNQZ5.CME@RITHMIC,STOP,BUY,25570.25,1,1,0,0.0,,MNQZ5.CME@RITHMIC_20251113_LONDON,OUTSIDE_CBDR,
2025-11-13 07:27:53.665000,MNQZ5.CME@RITHMIC,STOP,SELL,25569.0,1,1,0,0.0,,MNQZ5.CME@RITHMIC_20251113_LONDON,OUTSIDE_CBDR,
2025-11-13 07:28:32.893983,MNQZ5.CME@RITHMIC,STOP,SELL,25576.75,1,1,0,0.0,,MNQZ5.CME@RITHMIC_20251113_LONDON,OUTSIDE_CBDR,
2025-11-13 07:29:24.596946,MNQZ5.CME@RITHMIC,STOP,SELL,25575.25,1,1,0,0.0,,MNQZ5.CME@RITHMIC_20251113_LONDON,OUTSIDE_CBDR,
2025-11-13 07:29:24.596957,MNQZ5.CME@RITHMIC,STOP,SELL,25575.25,1,2,0,0.0,,MNQZ5.CME@RITHMIC_20251113_LONDON,OUTSIDE_CBDR,
2025-11-13 07:29:52.305925,MNQZ5.CME@RITHMIC,STOP,BUY,25575.0,1,1,0,0.0,,MNQZ5.CME@RITHMIC_20251113_LONDON,OUTSIDE_CBDR,
2025-11-13 07:30:51.336672,MNQZ5.CME@RITHMIC,STOP,BUY,25578.75,1,1,0,0.0,,MNQZ5.CME@RITHMIC_20251113_LONDON,PRE_NY,
2025-11-13 07:32:25.308294,MNQZ5.CME@RITHMIC,STOP,BUY,25574.0,1,1,0,0.0,,MNQZ5.CME@RITHMIC_20251113_LONDON,PRE_NY,
2025-11-13 07:35:10.709915,MNQZ5.CME@RITHMIC,STOP,SELL,25581.25,1,1,0,0.0,,MNQZ5.CME@RITHMIC_20251113_LONDON,PRE_NY,
2025-11-13 07:39:02.862162,MNQZ5.CME@RITHMIC,STOP,SELL,25607.25,1,1,0,0.0,,MNQZ5.CME@RITHMIC_20251113_LONDON,PRE_NY,
2025-11-13 07:39:05.116293,MNQZ5.CME@RITHMIC,STOP,SELL,25607.75,1,1,0,0.0,,MNQZ5.CME@RITHMIC_20251113_LONDON,PRE_NY,
2025-11-13 07:40:25.032448,MNQZ5.CME@RITHMIC,STOP,SELL,25604.25,1,1,0,0.0,,MNQZ5.CME@RITHMIC_20251113_LONDON,PRE_NY,
2025-11-13 07:48:06.904199,MNQZ5.CME@RITHMIC,STOP,BUY,25609.75,2,2,0,0.0,,MNQZ5.CME@RITHMIC_20251113_LONDON,PRE_NY,
2025-11-13 07:48:19.623536,MNQZ5.CME@RITHMIC,STOP,SELL,25605.5,1,1,0,0.0,,MNQZ5.CME@RITHMIC_20251113_LONDON,PRE_NY,
2025-11-13 07:48:19.623546,MNQZ5.CME@RITHMIC,STOP,SELL,25605.5,1,2,0,0.0,,MNQZ5.CME@RITHMIC_20251113_LONDON,PRE_NY,
2025-11-13 07:48:19.623551,MNQZ5.CME@RITHMIC,STOP,SELL,25605.5,1,3,0,0.0,,MNQZ5.CME@RITHMIC_20251113_LONDON,PRE_NY,
2025-11-13 07:48:19.623560,MNQZ5.CME@RITHMIC,STOP,SELL,25605.5,2,5,0,0.0,,MNQZ5.CME@RITHMIC_20251113_LONDON,PRE_NY,
2025-11-13 07:48:19.623565,MNQZ5.CME@RITHMIC,STOP,SELL,25605.25,1,6,0,0.0,,MNQZ5.CME@RITHMIC_20251113_LONDON,PRE_NY,
2025-11-13 07:48:37.063242,MNQZ5.CME@RITHMIC,STOP,SELL,25604.5,1,1,0,0.0,,MNQZ5.CME@RITHMIC_20251113_LONDON,PRE_NY,
2025-11-13 07:48:37.063252,MNQZ5.CME@RITHMIC,STOP,SELL,25604.5,1,2,0,0.0,,MNQZ5.CME@RITHMIC_20251113_LONDON,PRE_NY,
2025-11-13 07:48:40.383399,MNQZ5.CME@RITHMIC,STOP,SELL,25602.0,1,1,0,0.0,,MNQZ5.CME@RITHMIC_20251113_LONDON,PRE_NY,
2025-11-13 07:48:40.383411,MNQZ5.CME@RITHMIC,STOP,SELL,25602.0,1,2,0,0.0,,MNQZ5.CME@RITHMIC_20251113_LONDON,PRE_NY,
2025-11-13 07:48:40.383415,MNQZ5.CME@RITHMIC,STOP,SELL,25602.0,1,3,0,0.0,,MNQZ5.CME@RITHMIC_20251113_LONDON,PRE_NY,
2025-11-13 07:48:40.383424,MNQZ5.CME@RITHMIC,STOP,SELL,25602.0,1,4,0,0.0,,MNQZ5.CME@RITHMIC_20251113_LONDON,PRE_NY,
2025-11-13 07:48:40.383428,MNQZ5.CME@RITHMIC,STOP,SELL,25602.0,1,5,0,0.0,,MNQZ5.CME@RITHMIC_20251113_LONDON,PRE_NY,
2025-11-13 07:48:40.753712,MNQZ5.CME@RITHMIC,STOP,SELL,25601.75,1,1,0,0.0,,MNQZ5.CME@RITHMIC_20251113_LONDON,PRE_NY,
2025-11-13 07:48:40.753740,MNQZ5.CME@RITHMIC,STOP,SELL,25601.75,1,2,0,0.0,,MNQZ5.CME@RITHMIC_20251113_LONDON,PRE_NY,
2025-11-13 07:52:02.554794,MNQZ5.CME@RITHMIC,STOP,BUY,25592.25,1,1,0,0.0,,MNQZ5.CME@RITHMIC_20251113_LONDON,PRE_NY,
2025-11-13 07:52:02.554838,MNQZ5.CME@RITHMIC,STOP,BUY,25592.25,1,2,0,0.0,,MNQZ5.CME@RITHMIC_20251113_LONDON,PRE_NY,
2025-11-13 07:52:02.766741,MNQZ5.CME@RITHMIC,STOP,BUY,25592.5,1,1,0,0.0,,MNQZ5.CME@RITHMIC_20251113_LONDON,PRE_NY,
2025-11-13 07:52:02.766769,MNQZ5.CME@RITHMIC,STOP,BUY,25592.5,1,2,0,0.0,,MNQZ5.CME@RITHMIC_20251113_LONDON,PRE_NY,
2025-11-13 07:54:17.030109,MNQZ5.CME@RITHMIC,STOP,SELL,25596.75,1,1,0,0.0,,MNQZ5.CME@RITHMIC_20251113_LONDON,PRE_NY,
2025-11-13 07:54:17.030125,MNQZ5.CME@RITHMIC,STOP,SELL,25596.5,1,2,0,0.0,,MNQZ5.CME@RITHMIC_20251113_LONDON,PRE_NY,
2025-11-13 07:54:17.030159,MNQZ5.CME@RITHMIC,STOP,SELL,25596.5,1,3,0,0.0,,MNQZ5.CME@RITHMIC_20251113_LONDON,PRE_NY,
2025-11-13 07:54:43.918782,MNQZ5.CME@RITHMIC,STOP,SELL,25592.75,1,1,0,0.0,,MNQZ5.CME@RITHMIC_20251113_LONDON,PRE_NY,
2025-11-13 07:54:43.918790,MNQZ5.CME@RITHMIC,STOP,SELL,25592.75,1,2,0,0.0,,MNQZ5.CME@RITHMIC_20251113_LONDON,PRE_NY,
2025-11-13 07:54:43.918903,MNQZ5.CME@RITHMIC,STOP,SELL,25592.75,1,3,0,0.0,,MNQZ5.CME@RITHMIC_20251113_LONDON,PRE_NY,
2025-11-13 07:54:43.918917,MNQZ5.CME@RITHMIC,STOP,SELL,25592.75,1,4,0,0.0,,MNQZ5.CME@RITHMIC_20251113_LONDON,PRE_NY,
2025-11-13 07:55:46.471112,MNQZ5.CME@RITHMIC,STOP,SELL,25588.0,1,1,0,0.0,,MNQZ5.CME@RITHMIC_20251113_LONDON,PRE_NY,
2025-11-13 07:55:46.471130,MNQZ5.CME@RITHMIC,STOP,SELL,25588.0,1,2,0,0.0,,MNQZ5.CME@RITHMIC_20251113_LONDON,PRE_NY,
2025-11-13 07:55:46.471138,MNQZ5.CME@RITHMIC,STOP,SELL,25588.0,1,3,0,0.0,,MNQZ5.CME@RITHMIC_20251113_LONDON,PRE_NY,
2025-11-13 07:55:50.342564,MNQZ5.CME@RITHMIC,STOP,BUY,25589.5,1,1,0,0.0,,MNQZ5.CME@RITHMIC_20251113_LONDON,PRE_NY,
2025-11-13 07:58:10.458550,MNQZ5.CME@RITHMIC,STOP,BUY,25585.0,1,1,0,0.0,,MNQZ5.CME@RITHMIC_20251113_LONDON,PRE_NY,
2025-11-13 07:58:10.458582,MNQZ5.CME@RITHMIC,STOP,BUY,25585.0,1,2,0,0.0,,MNQZ5.CME@RITHMIC_20251113_LONDON,PRE_NY,
2025-11-13 07:58:10.458587,MNQZ5.CME@RITHMIC,STOP,BUY,25585.0,1,3,0,0.0,,MNQZ5.CME@RITHMIC_20251113_LONDON,PRE_NY,
2025-11-13 07:58:56.174964,MNQZ5.CME@RITHMIC,STOP,SELL,25586.25,1,1,0,0.0,,MNQZ5.CME@RITHMIC_20251113_LONDON,PRE_NY,
2025-11-13 07:58:56.427056,MNQZ5.CME@RITHMIC,STOP,SELL,25585.0,1,1,0,0.0,,MNQZ5.CME@RITHMIC_20251113_LONDON,PRE_NY,
2025-11-13 07:58:56.427063,MNQZ5.CME@RITHMIC,STOP,SELL,25585.0,1,2,0,0.0,,MNQZ5.CME@RITHMIC_20251113_LONDON,PRE_NY,
2025-11-13 07:58:56.427090,MNQZ5.CME@RITHMIC,STOP,SELL,25585.0,1,3,0,0.0,,MNQZ5.CME@RITHMIC_20251113_LONDON,PRE_NY,
2025-11-13 07:58:56.427096,MNQZ5.CME@RITHMIC,STOP,SELL,25585.0,3,6,0,0.0,,MNQZ5.CME@RITHMIC_20251113_LONDON,PRE_NY,
2025-11-13 07:58:56.427107,MNQZ5.CME@RITHMIC,STOP,SELL,25585.0,1,7,0,0.0,,MNQZ5.CME@RITHMIC_20251113_LONDON,PRE_NY,
2025-11-13 07:59:02.977891,MNQZ5.CME@RITHMIC,STOP,SELL,25584.25,1,1,0,0.0,,MNQZ5.CME@RITHMIC_20251113_LONDON,PRE_NY,
2025-11-13 08:01:42.505611,MNQZ5.CME@RITHMIC,STOP,SELL,25568.5,1,1,0,0.0,,MNQZ5.CME@RITHMIC_20251113_LONDON,PRE_NY,
2025-11-13 08:05:23.664774,MNQZ5.CME@RITHMIC,STOP,BUY,25571.25,1,1,0,0.0,,MNQZ5.CME@RITHMIC_20251113_LONDON,PRE_NY,
2025-11-13 08:07:06.154949,MNQZ5.CME@RITHMIC,STOP,BUY,25575.5,1,1,0,0.0,,MNQZ5.CME@RITHMIC_20251113_LONDON,PRE_NY,
2025-11-13 08:07:32.185537,MNQZ5.CME@RITHMIC,STOP,BUY,25573.0,1,1,0,0.0,,MNQZ5.CME@RITHMIC_20251113_LONDON,PRE_NY,
2025-11-13 08:07:32.187454,MNQZ5.CME@RITHMIC,STOP,BUY,25573.0,1,2,0,0.0,,MNQZ5.CME@RITHMIC_20251113_LONDON,PRE_NY,
2025-11-13 08:09:50.614457,MNQZ5.CME@RITHMIC,STOP,BUY,25580.75,1,1,0,0.0,,MNQZ5.CME@RITHMIC_20251113_LONDON,PRE_NY,
2025-11-13 08:09:51.640469,MNQZ5.CME@RITHMIC,STOP,BUY,25581.25,1,1,0,0.0,,MNQZ5.CME@RITHMIC_20251113_LONDON,PRE_NY,
2025-11-13 08:09:55.618151,MNQZ5.CME@RITHMIC,STOP,BUY,25582.0,1,1,0,0.0,,MNQZ5.CME@RITHMIC_20251113_LONDON,PRE_NY,
2025-11-13 08:10:22.361891,MNQZ5.CME@RITHMIC,STOP,BUY,25580.75,1,1,0,0.0,,MNQZ5.CME@RITHMIC_20251113_LONDON,PRE_NY,
2025-11-13 08:10:26.023924,MNQZ5.CME@RITHMIC,STOP,SELL,25580.0,1,1,0,0.0,,MNQZ5.CME@RITHMIC_20251113_LONDON,PRE_NY,
2025-11-13 08:11:07.439080,MNQZ5.CME@RITHMIC,STOP,BUY,25577.25,1,1,0,0.0,,MNQZ5.CME@RITHMIC_20251113_LONDON,PRE_NY,
2025-11-13 08:11:07.439091,MNQZ5.CME@RITHMIC,STOP,BUY,25577.25,1,2,0,0.0,,MNQZ5.CME@RITHMIC_20251113_LONDON,PRE_NY,
2025-11-13 08:11:35.446762,MNQZ5.CME@RITHMIC,STOP,BUY,25576.0,1,1,0,0.0,,MNQZ5.CME@RITHMIC_20251113_LONDON,PRE_NY,
2025-11-13 08:12:49.681365,MNQZ5.CME@RITHMIC,STOP,SELL,25576.5,1,1,0,0.0,,MNQZ5.CME@RITHMIC_20251113_LONDON,PRE_NY,
2025-11-13 08:12:51.359407,MNQZ5.CME@RITHMIC,STOP,SELL,25575.75,1,1,0,0.0,,MNQZ5.CME@RITHMIC_20251113_LONDON,PRE_NY,
2025-11-13 08:16:55.176960,MNQZ5.CME@RITHMIC,STOP,SELL,25592.25,1,1,0,0.0,,MNQZ5.CME@RITHMIC_20251113_LONDON,PRE_NY,
2025-11-13 08:16:55.176968,MNQZ5.CME@RITHMIC,STOP,SELL,25592.25,1,2,0,0.0,,MNQZ5.CME@RITHMIC_20251113_LONDON,PRE_NY,
2025-11-13 08:16:55.177026,MNQZ5.CME@RITHMIC,STOP,SELL,25592.25,1,3,0,0.0,,MNQZ5.CME@RITHMIC_20251113_LONDON,PRE_NY,
2025-11-13 08:16:55.177033,MNQZ5.CME@RITHMIC,STOP,SELL,25592.25,1,4,0,0.0,,MNQZ5.CME@RITHMIC_20251113_LONDON,PRE_NY,
2025-11-13 08:16:56.369024,MNQZ5.CME@RITHMIC,STOP,SELL,25591.75,1,1,0,0.0,,MNQZ5.CME@RITHMIC_20251113_LONDON,PRE_NY,
2025-11-13 08:16:56.369029,MNQZ5.CME@RITHMIC,STOP,SELL,25591.75,1,2,0,0.0,,MNQZ5.CME@RITHMIC_20251113_LONDON,PRE_NY,
2025-11-13 08:16:57.809060,MNQZ5.CME@RITHMIC,STOP,SELL,25590.75,1,1,0,0.0,,MNQZ5.CME@RITHMIC_20251113_LONDON,PRE_NY,
2025-11-13 08:17:20.941399,MNQZ5.CME@RITHMIC,STOP,BUY,25596.5,1,1,0,0.0,,MNQZ5.CME@RITHMIC_20251113_LONDON,PRE_NY,
2025-11-13 08:17:40.882378,MNQZ5.CME@RITHMIC,STOP,BUY,25589.75,1,1,0,0.0,,MNQZ5.CME@RITHMIC_20251113_LONDON,PRE_NY,
2025-11-13 08:17:43.691681,MNQZ5.CME@RITHMIC,STOP,SELL,25588.0,1,1,0,0.0,,MNQZ5.CME@RITHMIC_20251113_LONDON,PRE_NY,
2025-11-13 08:17:43.691700,MNQZ5.CME@RITHMIC,STOP,SELL,25588.0,1,2,0,0.0,,MNQZ5.CME@RITHMIC_20251113_LONDON,PRE_NY,
2025-11-13 08:17:43.691707,MNQZ5.CME@RITHMIC,STOP,SELL,25587.75,1,3,0,0.0,,MNQZ5.CME@RITHMIC_20251113_LONDON,PRE_NY,
2025-11-13 08:17:43.699607,MNQZ5.CME@RITHMIC,STOP,SELL,25587.5,1,1,0,0.0,,MNQZ5.CME@RITHMIC_20251113_LONDON,PRE_NY,
2025-11-13 08:17:43.699616,MNQZ5.CME@RITHMIC,STOP,SELL,25587.5,1,2,0,0.0,,MNQZ5.CME@RITHMIC_20251113_LONDON,PRE_NY,
2025-11-13 08:17:43.699622,MNQZ5.CME@RITHMIC,STOP,SELL,25587.5,1,3,0,0.0,,MNQZ5.CME@RITHMIC_20251113_LONDON,PRE_NY,
2025-11-13 08:17:43.699637,MNQZ5.CME@RITHMIC,STOP,SELL,25587.25,1,4,0,0.0,,MNQZ5.CME@RITHMIC_20251113_LONDON,PRE_NY,
2025-11-13 08:17:43.699642,MNQZ5.CME@RITHMIC,STOP,SELL,25587.25,1,5,0,0.0,,MNQZ5.CME@RITHMIC_20251113_LONDON,PRE_NY,
2025-11-13 08:17:43.699651,MNQZ5.CME@RITHMIC,STOP,SELL,25587.25,1,6,0,0.0,,MNQZ5.CME@RITHMIC_20251113_LONDON,PRE_NY,
2025-11-13 08:17:43.699656,MNQZ5.CME@RITHMIC,STOP,SELL,25587.25,2,8,0,0.0,,MNQZ5.CME@RITHMIC_20251113_LONDON,PRE_NY,
2025-11-13 08:17:43.699665,MNQZ5.CME@RITHMIC,STOP,SELL,25587.25,1,9,0,0.0,,MNQZ5.CME@RITHMIC_20251113_LONDON,PRE_NY,
2025-11-13 08:17:43.699670,MNQZ5.CME@RITHMIC,STOP,SELL,25587.25,1,10,0,0.0,,MNQZ5.CME@RITHMIC_20251113_LONDON,PRE_NY,
2025-11-13 08:17:44.677717,MNQZ5.CME@RITHMIC,STOP,SELL,25586.75,1,1,0,0.0,,MNQZ5.CME@RITHMIC_20251113_LONDON,PRE_NY,
2025-11-13 08:18:05.221765,MNQZ5.CME@RITHMIC,STOP,SELL,25583.0,2,2,0,0.0,,MNQZ5.CME@RITHMIC_20251113_LONDON,PRE_NY,
2025-11-13 08:18:05.242798,MNQZ5.CME@RITHMIC,STOP,SELL,25582.5,1,1,0,0.0,,MNQZ5.CME@RITHMIC_20251113_LONDON,PRE_NY,
2025-11-13 08:18:05.242802,MNQZ5.CME@RITHMIC,STOP,SELL,25582.5,1,2,0,0.0,,MNQZ5.CME@RITHMIC_20251113_LONDON,PRE_NY,
2025-11-13 08:18:05.242886,MNQZ5.CME@RITHMIC,STOP,SELL,25582.5,1,3,0,0.0,,MNQZ5.CME@RITHMIC_20251113_LONDON,PRE_NY,
2025-11-13 08:18:27.890140,MNQZ5.CME@RITHMIC,STOP,SELL,25580.0,1,1,0,0.0,,MNQZ5.CME@RITHMIC_20251113_LONDON,PRE_NY,
2025-11-13 08:18:27.890145,MNQZ5.CME@RITHMIC,STOP,SELL,25580.0,1,2,0,0.0,,MNQZ5.CME@RITHMIC_20251113_LONDON,PRE_NY,
2025-11-13 08:18:27.890153,MNQZ5.CME@RITHMIC,STOP,SELL,25580.0,1,3,0,0.0,,MNQZ5.CME@RITHMIC_20251113_LONDON,PRE_NY,
2025-11-13 08:18:27.890158,MNQZ5.CME@RITHMIC,STOP,SELL,25580.0,1,4,0,0.0,,MNQZ5.CME@RITHMIC_20251113_LONDON,PRE_NY,
2025-11-13 08:19:25.689832,MNQZ5.CME@RITHMIC,STOP,BUY,25580.0,2,2,0,0.0,,MNQZ5.CME@RITHMIC_20251113_LONDON,PRE_NY,
2025-11-13 08:19:25.689842,MNQZ5.CME@RITHMIC,STOP,BUY,25580.0,1,3,0,0.0,,MNQZ5.CME@RITHMIC_20251113_LONDON,PRE_NY,
2025-11-13 08:19:25.689853,MNQZ5.CME@RITHMIC,STOP,BUY,25580.0,1,4,0,0.0,,MNQZ5.CME@RITHMIC_20251113_LONDON,PRE_NY,
2025-11-13 08:19:25.689858,MNQZ5.CME@RITHMIC,STOP,BUY,25580.25,1,5,0,0.0,,MNQZ5.CME@RITHMIC_20251113_LONDON,PRE_NY,
2025-11-13 08:23:00.029129,MNQZ5.CME@RITHMIC,STOP,BUY,25565.0,1,1,0,0.0,,MNQZ5.CME@RITHMIC_20251113_LONDON,PRE_NY,
2025-11-13 08:23:00.052309,MNQZ5.CME@RITHMIC,STOP,BUY,25565.25,1,1,0,0.0,,MNQZ5.CME@RITHMIC_20251113_LONDON,PRE_NY,
2025-11-13 08:23:00.052314,MNQZ5.CME@RITHMIC,STOP,BUY,25565.25,1,2,0,0.0,,MNQZ5.CME@RITHMIC_20251113_LONDON,PRE_NY,
2025-11-13 08:23:00.052324,MNQZ5.CME@RITHMIC,STOP,BUY,25565.5,1,3,0,0.0,,MNQZ5.CME@RITHMIC_20251113_LONDON,PRE_NY,
2025-11-13 08:23:00.052335,MNQZ5.CME@RITHMIC,STOP,BUY,25565.5,2,5,0,0.0,,MNQZ5.CME@RITHMIC_20251113_LONDON,PRE_NY,
2025-11-13 08:23:00.758351,MNQZ5.CME@RITHMIC,STOP,BUY,25566.25,1,1,0,0.0,,MNQZ5.CME@RITHMIC_20251113_LONDON,PRE_NY,
2025-11-13 08:23:00.808158,MNQZ5.CME@RITHMIC,STOP,BUY,25566.75,1,1,0,0.0,,MNQZ5.CME@RITHMIC_20251113_LONDON,PRE_NY,
2025-11-13 08:23:00.808164,MNQZ5.CME@RITHMIC,STOP,BUY,25566.75,1,2,0,0.0,,MNQZ5.CME@RITHMIC_20251113_LONDON,PRE_NY,
2025-11-13 08:23:01.645318,MNQZ5.CME@RITHMIC,STOP,BUY,25567.25,1,1,0,0.0,,MNQZ5.CME@RITHMIC_20251113_LONDON,PRE_NY,
2025-11-13 08:23:01.645331,MNQZ5.CME@RITHMIC,STOP,BUY,25567.25,1,2,0,0.0,,MNQZ5.CME@RITHMIC_20251113_LONDON,PRE_NY,
2025-11-13 08:23:01.645349,MNQZ5.CME@RITHMIC,STOP,BUY,25567.25,1,3,0,0.0,,MNQZ5.CME@RITHMIC_20251113_LONDON,PRE_NY,
2025-11-13 08:23:01.645356,MNQZ5.CME@RITHMIC,STOP,BUY,25567.25,1,4,0,0.0,,MNQZ5.CME@RITHMIC_20251113_LONDON,PRE_NY,
2025-11-13 08:23:01.669766,MNQZ5.CME@RITHMIC,STOP,BUY,25568.0,1,1,0,0.0,,MNQZ5.CME@RITHMIC_20251113_LONDON,PRE_NY,
2025-11-13 08:23:01.670275,MNQZ5.CME@RITHMIC,STOP,BUY,25568.25,1,2,0,0.0,,MNQZ5.CME@RITHMIC_20251113_LONDON,PRE_NY,
2025-11-13 08:23:41.565170,MNQZ5.CME@RITHMIC,STOP,SELL,25567.75,1,1,0,0.0,,MNQZ5.CME@RITHMIC_20251113_LONDON,PRE_NY,
2025-11-13 08:23:41.565179,MNQZ5.CME@RITHMIC,STOP,SELL,25567.5,1,2,0,0.0,,MNQZ5.CME@RITHMIC_20251113_LONDON,PRE_NY,
2025-11-13 08:23:42.255420,MNQZ5.CME@RITHMIC,STOP,SELL,25566.25,1,1,0,0.0,,MNQZ5.CME@RITHMIC_20251113_LONDON,PRE_NY,
2025-11-13 08:23:42.255430,MNQZ5.CME@RITHMIC,STOP,SELL,25566.25,1,2,0,0.0,,MNQZ5.CME@RITHMIC_20251113_LONDON,PRE_NY,
2025-11-13 08:23:42.589383,MNQZ5.CME@RITHMIC,STOP,SELL,25565.25,1,1,0,0.0,,MNQZ5.CME@RITHMIC_20251113_LONDON,PRE_NY,
2025-11-13 08:23:42.589392,MNQZ5.CME@RITHMIC,STOP,SELL,25565.25,1,2,0,0.0,,MNQZ5.CME@RITHMIC_20251113_LONDON,PRE_NY,
2025-11-13 08:23:42.806598,MNQZ5.CME@RITHMIC,STOP,SELL,25564.25,1,1,0,0.0,,MNQZ5.CME@RITHMIC_20251113_LONDON,PRE_NY,
2025-11-13 08:23:42.806607,MNQZ5.CME@RITHMIC,STOP,SELL,25564.25,4,5,0,0.0,,MNQZ5.CME@RITHMIC_20251113_LONDON,PRE_NY,
2025-11-13 08:25:39.671138,MNQZ5.CME@RITHMIC,STOP,SELL,25568.5,1,1,0,0.0,,MNQZ5.CME@RITHMIC_20251113_LONDON,PRE_NY,
2025-11-13 08:27:24.357760,MNQZ5.CME@RITHMIC,STOP,SELL,25565.0,1,1,0,0.0,,MNQZ5.CME@RITHMIC_20251113_LONDON,PRE_NY,
2025-11-13 08:28:28.729991,MNQZ5.CME@RITHMIC,STOP,SELL,25567.25,1,1,0,0.0,,MNQZ5.CME@RITHMIC_20251113_LONDON,PRE_NY,
2025-11-13 08:28:28.729997,MNQZ5.CME@RITHMIC,STOP,SELL,25567.25,1,2,0,0.0,,MNQZ5.CME@RITHMIC_20251113_LONDON,PRE_NY,
2025-11-13 08:28:28.730010,MNQZ5.CME@RITHMIC,STOP,SELL,25567.25,1,3,0,0.0,,MNQZ5.CME@RITHMIC_20251113_LONDON,PRE_NY,
2025-11-13 08:28:53.651534,MNQZ5.CME@RITHMIC,STOP,BUY,25571.0,1,1,0,0.0,,MNQZ5.CME@RITHMIC_20251113_LONDON,PRE_NY,
2025-11-13 08:30:16.703923,MNQZ5.CME@RITHMIC,STOP,BUY,25574.75,1,1,0,0.0,,MNQZ5.CME@RITHMIC_20251113_LONDON,PRE_NY,
2025-11-13 08:30:16.703936,MNQZ5.CME@RITHMIC,STOP,BUY,25574.75,1,2,0,0.0,,MNQZ5.CME@RITHMIC_20251113_LONDON,PRE_NY,
2025-11-13 08:32:36.264700,MNQZ5.CME@RITHMIC,STOP,SELL,25550.75,1,1,0,0.0,,MNQZ5.CME@RITHMIC_20251113_LONDON,PRE_NY,
2025-11-13 08:32:36.264706,MNQZ5.CME@RITHMIC,STOP,SELL,25550.75,1,2,0,0.0,,MNQZ5.CME@RITHMIC_20251113_LONDON,PRE_NY,
2025-11-13 08:32:38.726201,MNQZ5.CME@RITHMIC,STOP,BUY,25555.5,1,1,0,0.0,,MNQZ5.CME@RITHMIC_20251113_LONDON,PRE_NY,
2025-11-13 08:49:59.362122,MNQZ5.CME@RITHMIC,STOP,SELL,25535.0,1,1,0,0.0,,MNQZ5.CME@RITHMIC_20251113_LONDON,PRE_NY,
2025-11-13 08:50:02.710560,MNQZ5.CME@RITHMIC,STOP,SELL,25534.0,1,1,0,0.0,,MNQZ5.CME@RITHMIC_20251113_LONDON,PRE_NY,
2025-11-13 08:51:04.277629,MNQZ5.CME@RITHMIC,STOP,SELL,25540.5,1,1,0,0.0,,MNQZ5.CME@RITHMIC_20251113_LONDON,PRE_NY,
2025-11-13 08:51:07.431010,MNQZ5.CME@RITHMIC,STOP,BUY,25542.0,1,1,0,0.0,,MNQZ5.CME@RITHMIC_20251113_LONDON,PRE_NY,
2025-11-13 08:54:07.591991,MNQZ5.CME@RITHMIC,STOP,BUY,25528.25,1,1,0,0.0,,MNQZ5.CME@RITHMIC_20251113_LONDON,PRE_NY,
